appid,name,positive_ratings,negative_ratings,owners,reviews
10,Counter-Strike,124534,3339,20000000,0.9738881546534452
20,Team Fortress Classic,3318,633,10000000,0.8397873955960516
30,Day of Defeat,3416,398,10000000,0.8956476140534871
40,Deathmatch Classic,1273,267,10000000,0.8266233766233766
50,Half-Life: Opposing Force,5250,288,10000000,0.9479956663055255
60,Ricochet,2758,684,10000000,0.8012783265543288
70,Half-Life,27755,1100,10000000,0.9618783573037601
80,Counter-Strike: Condition Zero,12120,1439,20000000,0.8938712294416993
130,Half-Life: Blue Shift,3822,420,10000000,0.900990099009901
220,Half-Life 2,67902,2419,20000000,0.9656006029493324
240,Counter-Strike: Source,76640,3497,20000000,0.9563622296816702
280,Half-Life: Source,3767,1053,5000000,0.7815352697095436
300,Day of Defeat: Source,10489,1210,10000000,0.8965723566116762
320,Half-Life 2: Deathmatch,6020,787,20000000,0.8843837226384604
340,Half-Life 2: Lost Coast,5783,1020,20000000,0.8500661472879611
360,Half-Life Deathmatch: Source,1362,473,10000000,0.7422343324250681
380,Half-Life 2: Episode One,7908,517,10000000,0.9386350148367952
400,Portal,51801,1080,20000000,0.9795767856129801
420,Half-Life 2: Episode Two,13902,696,10000000,0.9523222359227291
440,Team Fortress 2,515879,34036,50000000,0.9381067983233773
500,Left 4 Dead,17951,948,10000000,0.9498386157997778
550,Left 4 Dead 2,251789,8418,20000000,0.9676488334287702
570,Dota 2,863507,142079,200000000,0.8587102445738107
620,Portal 2,138220,1891,20000000,0.9865035578933845
630,Alien Swarm,17435,941,5000000,0.9487919024814976
730,Counter-Strike: Global Offensive,2644404,402313,100000000,0.8679519627192155
1250,Killing Floor,53710,2649,5000000,0.9529977465888323
1510,Uplink,1602,152,1000000,0.9133409350057012
1840,Source Filmmaker,15083,1111,2000000,0.9313943435840435
1930,Two Worlds Epic Edition,2656,1055,2000000,0.7157100511991377
2100,Dark Messiah of Might & Magic,4386,316,2000000,0.9327945555082944
2200,Quake III Arena,1362,66,500000,0.9537815126050421
2270,Wolfenstein 3D,1773,87,500000,0.9532258064516129
2280,Ultimate Doom,3705,257,1000000,0.9351337708228168
2300,DOOM II,2517,182,1000000,0.9325676176361616
2310,QUAKE,2618,136,500000,0.9506172839506173
2320,QUAKE II,1369,107,500000,0.9275067750677507
2400,The Ship: Murder Party,4819,792,2000000,0.8588486900730707
2600,Vampire: The Masquerade - Bloodlines,6161,362,1000000,0.9445040625479074
2620,Call of Duty®,1555,117,500000,0.9300239234449761
2630,Call of Duty® 2,2434,236,500000,0.9116104868913858
2990,FlatOut 2™,5438,343,1000000,0.940667704549386
3480,Peggle Deluxe,1106,66,500000,0.9436860068259386
3483,Peggle Extreme,707,58,500000,0.9241830065359478
3590,Plants vs. Zombies GOTY Edition,14630,454,2000000,0.9699018827897109
3720,Evil Genius,1847,95,500000,0.951081359423275
3830,Psychonauts,8204,456,5000000,0.9473441108545034
3900,Sid Meier's Civilization® IV,1394,129,2000000,0.9152987524622456
3910,Sid Meier's Civilization® III Complete,2578,405,5000000,0.8642306402950051
3920,Sid Meier's Pirates!,2641,193,1000000,0.9318983768525053
4000,Garry's Mod,363721,16433,20000000,0.956772781556948
4500,S.T.A.L.K.E.R.: Shadow of Chernobyl,11039,570,2000000,0.9509001636661211
4560,Company of Heroes - Legacy Edition,4772,320,5000000,0.9371563236449332
4570,"Warhammer® 40,000: Dawn of War® - Game of the Year Edition",3485,206,2000000,0.9441885667840694
4580,"Warhammer® 40,000: Dawn of War® - Dark Crusade",2849,133,2000000,0.9553990610328639
4700,Total War: MEDIEVAL II – Definitive Edition,10270,605,5000000,0.944367816091954
4760,Rome: Total War™ - Collection,7806,562,2000000,0.9328393881453155
4780,Medieval II: Total War™ Kingdoms,585,30,500000,0.9512195121951219
4920,Natural Selection 2,8372,1498,2000000,0.8482269503546099
6000,STAR WARS™ Republic Commando™,6392,379,2000000,0.9440259932063211
6010,Indiana Jones® and the Fate of Atlantis™,597,31,200000,0.9506369426751592
6020,STAR WARS™ Jedi Knight - Jedi Academy™,5684,330,2000000,0.9451280345859661
6030,STAR WARS™ Jedi Knight II - Jedi Outcast™,2020,219,2000000,0.9021884769986601
6040,The Dig®,575,55,200000,0.9126984126984127
6060,"Star Wars: Battlefront 2 (Classic, 2005)",29149,2425,5000000,0.9231963007537848
6220,FlatOut,1977,186,500000,0.9140083217753121
6310,The Longest Journey,1152,102,500000,0.9186602870813397
6850,Hitman 2: Silent Assassin,1514,260,2000000,0.8534385569334837
6860,Hitman: Blood Money,5864,391,2000000,0.9374900079936052
6880,Just Cause,1732,846,2000000,0.6718386346004654
6900,Hitman: Codename 47,1186,450,2000000,0.7249388753056235
6910,Deus Ex: Game of the Year Edition,6242,347,2000000,0.9473364698740325
7200,Trackmania United Forever Star Edition,963,55,200000,0.9459724950884086
7760,X-COM: UFO Defense,2165,136,2000000,0.9408952629291613
7940,Call of Duty® 4: Modern Warfare®,8725,821,2000000,0.9139953907395768
8190,Just Cause 2,33636,3231,5000000,0.9123606477337456
8400,Geometry Wars: Retro Evolved,583,62,200000,0.9038759689922481
8500,EVE Online,8317,2832,2000000,0.7459861871019823
8600,RACE 07,1684,348,2000000,0.8287401574803149
8800,Civilization IV: Beyond the Sword,1396,66,2000000,0.9548563611491108
8870,BioShock Infinite,79442,3846,5000000,0.9538228796465277
8930,Sid Meier's Civilization® V,129030,5565,10000000,0.958653738994762
9010,Return to Castle Wolfenstein,3084,276,500000,0.9178571428571428
9180,Commander Keen,737,51,500000,0.9352791878172588
9200,RAGE,9394,2882,2000000,0.7652329749103942
9340,Company of Heroes: Opposing Fronts,579,52,5000000,0.9175911251980983
9350,Supreme Commander,1065,162,2000000,0.8679706601466992
9420,Supreme Commander: Forged Alliance,4969,174,2000000,0.9661676064553762
9450,"Warhammer® 40,000: Dawn of War® - Soulstorm",4887,286,2000000,0.9447129325343128
9480,Saints Row 2,9442,2881,5000000,0.766209526900917
9880,Champions Online,2081,823,2000000,0.7165977961432507
9900,Star Trek Online,7639,2391,2000000,0.7616151545363908
10090,Call of Duty: World at War,19595,1483,2000000,0.9296422810513332
10180,Call of Duty®: Modern Warfare® 2,30006,2826,10000000,0.9139254385964912
10500,Total War: EMPIRE – Definitive Edition,14928,1719,5000000,0.8967381510182014
10680,Aliens vs. Predator™,9448,1186,2000000,0.8884709422606734
11020,TrackMania Nations Forever,8252,1244,5000000,0.8689974726200506
11450,Overlord™,3439,276,2000000,0.9257065948855989
12100,Grand Theft Auto III,4718,750,2000000,0.8628383321141185
12110,Grand Theft Auto: Vice City,9817,819,5000000,0.9229973674313652
12120,Grand Theft Auto: San Andreas,26877,3243,5000000,0.8923306772908367
12140,Max Payne,3926,435,1000000,0.900252235725751
12150,Max Payne 2: The Fall of Max Payne,2506,172,1000000,0.9357729648991785
12200,Bully: Scholarship Edition,8504,1764,2000000,0.8282041293338528
12210,Grand Theft Auto IV,35240,18926,5000000,0.650592622678433
12220,Grand Theft Auto: Episodes from Liberty City,6401,2345,5000000,0.7318774296821404
12710,Overlord™: Raising Hell,946,75,1000000,0.9265426052889324
12810,Overlord II,2116,306,2000000,0.8736581337737407
13230,Unreal Tournament 2004: Editor's Choice Edition,2211,66,500000,0.9710144927536232
13240,Unreal Tournament: Game of the Year Edition,2134,65,500000,0.9704411095952705
13250,Unreal Gold,1228,132,1000000,0.9029411764705882
13570,Tom Clancy's Splinter Cell Chaos Theory®,1777,140,500000,0.9269692227438706
15130,Beyond Good and Evil™,1823,186,500000,0.90741662518666
15300,Tom Clancy's Ghost Recon®,536,45,200000,0.9225473321858864
15370,Heroes of Might & Magic V: Tribes of the East,759,66,500000,0.92
15620,"Warhammer 40,000: Dawn of War II",5626,755,5000000,0.8816799874627801
15700,Oddworld: Abe's Oddysee®,2739,442,5000000,0.8610499842816725
15710,Oddworld: Abe's Exoddus®,806,48,500000,0.9437939110070258
16450,F.E.A.R. 2: Project Origin,3274,509,2000000,0.8654507005022469
17080,Tribes: Ascend,6470,1738,5000000,0.7882553606237817
17300,Crysis,6075,1277,2000000,0.8263057671381937
17390,SPORE™,15101,2014,5000000,0.8823254455156295
17410,Mirror's Edge™,17880,2341,5000000,0.8842292666040256
17450,Dragon Age: Origins,6207,468,1000000,0.9298876404494382
17460,Mass Effect,10107,666,2000000,0.9381787802840434
17470,Dead Space,9136,1049,5000000,0.8970054000981836
18040,DeathSpank,540,34,200000,0.9407665505226481
18500,Defense Grid: The Awakening,3307,113,1000000,0.9669590643274854
19830,Tom Clancy's Rainbow Six® 3 Gold,811,71,200000,0.9195011337868481
19900,Far Cry® 2: Fortune's Edition,5292,1739,2000000,0.7526667614848528
20540,Company of Heroes: Tales of Valor,1337,101,5000000,0.9297635605006954
20570,"Warhammer® 40,000: Dawn of War® II Chaos Rising",1645,164,2000000,0.9093421779988944
20820,Shatter,963,64,500000,0.937682570593963
20900,The Witcher: Enhanced Edition Director's Cut,26380,4217,5000000,0.8621760303297709
20920,The Witcher 2: Assassins of Kings Enhanced Edition,36427,4710,5000000,0.8855045336315239
21090,F.E.A.R.,6371,438,2000000,0.9356733734762814
21100,F.E.A.R. 3,5349,2030,2000000,0.7248949722184578
21690,Resident Evil™ 5/ Biohazard 5®,9250,1618,2000000,0.8511225616488775
22000,World of Goo,3455,237,2000000,0.935807150595883
22100,Mount & Blade,3205,291,2000000,0.9167620137299771
22120,Penumbra: Black Plague Gold Edition,1396,79,500000,0.9464406779661017
22180,Penumbra Overture,1660,164,1000000,0.9100877192982456
22230,Rock of Ages,2604,244,500000,0.9143258426966292
22320,The Elder Scrolls III: Morrowind® Game of the Year Edition,9571,540,2000000,0.9465928197013154
22330,The Elder Scrolls IV: Oblivion® Game of the Year Edition,13827,826,2000000,0.943629290930185
22350,BRINK,3493,2331,2000000,0.5997596153846154
22370,Fallout 3: Game of the Year Edition,17742,4495,5000000,0.7978594234833836
22380,Fallout: New Vegas,66756,3149,5000000,0.9549531507045276
23490,Tropico 3,1338,176,2000000,0.8837516512549538
24010,Train Simulator 2019,8573,5336,2000000,0.6163635056438277
24200,DC Universe™ Online,10138,2654,5000000,0.792526579111945
24240,PAYDAY™ The Heist,34645,2533,5000000,0.9318683092151272
24740,Burnout Paradise: The Ultimate Box,9739,1487,2000000,0.8675396401211474
24780,SimCity™ 4 Deluxe Edition,3110,959,2000000,0.764315556647825
24800,Command & Conquer: Red Alert 3 - Uprising,1449,362,2000000,0.8001104362230812
24810,Command & Conquer 3: Kane's Wrath,1070,76,500000,0.9336823734729494
24960,Battlefield: Bad Company™ 2,23093,3877,5000000,0.8562476826103077
24980,Mass Effect 2,10675,542,2000000,0.9516804849781582
25830,Knights of Honor,1018,89,200000,0.919602529358627
25900,King's Bounty: The Legend,1290,139,500000,0.9027291812456263
26800,Braid,6529,386,2000000,0.944179320318149
32360,The Secret of Monkey Island: Special Edition,2156,115,1000000,0.9493615147512109
32370,STAR WARS™ - Knights of the Old Republic™,11569,1590,5000000,0.8791701497074246
32380,STAR WARS™ Jedi Knight: Dark Forces II,777,315,2000000,0.7115384615384616
32400,STAR WARS™ - Dark Forces,1501,171,2000000,0.8977272727272727
32430,STAR WARS™ - The Force Unleashed™ Ultimate Sith Edition,2287,1389,2000000,0.6221436343852013
32440,LEGO® Star Wars™ - The Complete Saga,3033,256,1000000,0.9221647917300091
32460,Monkey Island™ 2 Special Edition: LeChuck’s Revenge™,1194,63,500000,0.9498806682577565
32470,STAR WARS™ Empire at War - Gold Pack,6526,396,2000000,0.9427911008379081
32500,STAR WARS™: The Force Unleashed™ II,1880,1348,2000000,0.5824039653035935
33120,Alien Shooter 2: Reloaded,995,84,500000,0.9221501390176089
33230,Assassin's Creed 2 Deluxe Edition,14861,2639,2000000,0.8492
33680,eversion,955,92,100000,0.9121298949379179
33900,Arma 2,1728,357,2000000,0.8287769784172662
33930,Arma 2: Operation Arrowhead,17683,1519,5000000,0.9208936569107384
34030,Total War: NAPOLEON – Definitive Edition,8540,907,5000000,0.9039906848735049
34830,Sniper: Ghost Warrior,2143,1728,2000000,0.5536037199690003
34870,Sniper: Ghost Warrior 2,6775,2724,2000000,0.713232971891778
35130,Lara Croft and the Guardian of Light,2506,237,1000000,0.913598250091141
35140,Batman: Arkham Asylum Game of the Year Edition,20297,865,5000000,0.9591248464228334
35450,Red Orchestra 2: Heroes of Stalingrad with Rising Storm,26922,2274,5000000,0.9221126181668722
35700,Trine Enchanted Edition,9448,407,2000000,0.958701166920345
35720,Trine 2: Complete Story,16369,706,5000000,0.9586530014641288
37600,Windosill,821,85,200000,0.9061810154525386
38400,Fallout: A Post Nuclear Role Playing Game,6983,643,2000000,0.9156831890899554
38410,Fallout 2: A Post Nuclear Role Playing Game,4758,321,2000000,0.9367985823981099
38600,Faerie Solitaire,2147,207,500000,0.9120645709430756
38720,RUSH,1069,117,500000,0.9013490725126475
38740,EDGE,1714,148,500000,0.920515574650913
39000,Moonbase Alpha,9867,1166,2000000,0.8943170488534397
39120,RIFT,6885,2326,5000000,0.7474758440994463
39140,FINAL FANTASY VII,11722,878,2000000,0.9303174603174603
39210,FINAL FANTASY XIV Online,9808,2107,2000000,0.8231640788921527
40100,Supreme Commander 2,5336,903,2000000,0.8552652668696906
40390,Risen 2: Dark Waters,2987,891,2000000,0.7702423929860753
40700,Machinarium,5437,264,1000000,0.9536923346781266
40950,Stronghold HD,2992,199,2000000,0.9376371043560012
40970,Stronghold Crusader HD,4079,170,2000000,0.95999058602024
40990,Mafia,1727,180,500000,0.9056109071840587
41000,Serious Sam HD: The First Encounter,3950,269,2000000,0.9362408153590899
41070,Serious Sam 3: BFE,15574,1977,5000000,0.8873568457637742
41300,Altitude,1540,128,500000,0.9232613908872902
41500,Torchlight,3825,317,2000000,0.923466924191212
41700,S.T.A.L.K.E.R.: Call of Pripyat,10172,470,2000000,0.9558353692914866
42670,Singularity™,2766,227,200000,0.9241563648513198
42700,Call of Duty®: Black Ops,14201,1839,5000000,0.8853491271820448
42910,Magicka,20912,1964,5000000,0.9141458296905053
44350,GRID 2,11953,3009,2000000,0.7988905226573988
45400,Fortix,802,69,200000,0.9207807118254879
45700,Devil May Cry 4,1620,144,500000,0.9183673469387755
47410,Stronghold Kingdoms,4886,2609,2000000,0.6519012675116744
47780,Dead Space™ 2,8943,493,2000000,0.9477532852903773
47790,Medal of Honor™,3209,1370,2000000,0.7008080366892334
47810,Dragon Age: Origins - Ultimate Edition,8808,726,2000000,0.9238514789175583
47870,Need For Speed: Hot Pursuit,11405,2775,2000000,0.8043018335684062
47890,The Sims™ 3,11679,2493,5000000,0.8240897544453852
48000,LIMBO,30321,1994,5000000,0.9382949094847594
48700,Mount & Blade: Warband,75872,2213,5000000,0.9716590894538003
48720,Mount & Blade: With Fire & Sword,6236,1055,2000000,0.8553010560965574
49520,Borderlands 2,144595,11021,10000000,0.929178233600658
49600,Beat Hazard,6296,328,1000000,0.9504830917874396
50130,Mafia II,31445,1855,5000000,0.9442942942942943
50300,Spec Ops: The Line,32361,2613,5000000,0.9252873563218391
55100,Homefront,5506,3685,5000000,0.599064302034599
55110,Red Faction®: Armageddon™,2674,1005,2000000,0.7268279423756455
55150,"Warhammer 40,000: Space Marine",9847,998,5000000,0.9079760258183495
55230,Saints Row: The Third,44810,1877,5000000,0.9597960888470024
57300,Amnesia: The Dark Descent,20222,1199,5000000,0.944026889500957
57640,Broken Sword: Director's Cut,1131,108,500000,0.9128329297820823
57690,Tropico 4,8740,827,5000000,0.9135570189192014
57900,Duke Nukem Forever,4433,2243,2000000,0.6640203714799281
62100,Chime,564,39,200000,0.9353233830845771
65790,ARMA: Cold War Assault,3195,942,2000000,0.7722987672226251
65800,Dungeon Defenders,10693,932,2000000,0.9198279569892474
65930,The Bureau: XCOM Declassified,6661,2923,5000000,0.6950125208681135
65980,Sid Meier's Civilization®: Beyond Earth™,9555,8224,2000000,0.5374318015636425
67370,The Darkness II,11992,1234,2000000,0.9066989263571753
70000,Dino D-Day,12222,2367,2000000,0.83775447254781
70300,VVVVVV,6719,268,2000000,0.9616430513811364
70400,Recettear: An Item Shop's Tale,5047,183,500000,0.9650095602294455
71340,Sonic Generations Collection,6921,589,1000000,0.9215712383488682
72850,The Elder Scrolls V: Skyrim,237303,14951,20000000,0.940730374939545
78000,Bejeweled® 3,2670,126,500000,0.9549356223175965
80310,Gemini Rue,1199,128,500000,0.9035418236623964
91600,Sanctum,2552,296,2000000,0.8960674157303371
92800,SpaceChem,3700,324,1000000,0.9194831013916501
94200,Jamestown,1955,103,1000000,0.9499514091350826
94300,The Dream Machine: Chapter 1 & 2,968,85,200000,0.9192782526115859
95400,ibb & obb,3125,211,500000,0.9367505995203836
95700,The Cat and the Coup,823,52,200000,0.9405714285714286
96000,The Tiny Bang Story,3923,567,5000000,0.8737193763919822
96100,Defy Gravity Extended,7553,1224,2000000,0.8605446052181839
97000,Solar 2,1540,158,500000,0.9069493521790342
98300,Toy Soldiers,1032,108,500000,0.9052631578947369
98800,Dungeons of Dredmor,3879,235,1000000,0.9428779776373359
99900,Spiral Knights,15666,3202,5000000,0.8302946788212847
102600,Orcs Must Die!,5371,180,2000000,0.967573410196361
104900,ORION: Prelude,22057,7558,5000000,0.7447914907985818
105450,Age of Empires® III: Complete Collection,13759,1801,5000000,0.884254498714653
105600,Terraria,255600,7797,10000000,0.9703982961081561
107100,Bastion,27887,1098,5000000,0.9621183370708988
107200,Space Pirates and Zombies,2315,202,1000000,0.919745729042511
107310,Cthulhu Saves the World,2868,222,1000000,0.9281553398058252
107410,Arma 3,105034,12524,5000000,0.8934653532724273
107600,Waves,974,60,200000,0.941972920696325
108710,Alan Wake,22962,2163,5000000,0.913910447761194
108800,Crysis 2 - Maximum Edition,6724,1432,5000000,0.8244237371260422
109600,Neverwinter,18517,5297,10000000,0.777567817250357
110800,L.A. Noire,14096,2315,2000000,0.8589360794588995
113020,Monaco: What's Yours Is Mine,7237,749,5000000,0.9062108690207864
113200,The Binding of Isaac,43227,1923,5000000,0.9574086378737542
113400,APB Reloaded,20028,11779,10000000,0.6296727135536203
113420,Fallen Earth Free2Play,3938,3142,5000000,0.5562146892655367
115100,Costume Quest,2635,210,500000,0.9261862917398945
200170,Worms Revolution,3922,686,2000000,0.8511284722222222
200210,Realm of the Mad God,23414,4728,5000000,0.831994883092886
200260,Batman: Arkham City - Game of the Year Edition,25995,1255,5000000,0.9539449541284404
200510,XCOM: Enemy Unknown,36630,2072,5000000,0.9464627151051626
200710,Torchlight II,29539,1757,5000000,0.9438586400817995
200900,Cave Story+,5120,230,1000000,0.9570093457943926
201790,Orcs Must Die! 2,13321,682,5000000,0.9512961508248232
201810,Wolfenstein: The New Order,26727,3011,2000000,0.8987490752572466
202750,Alan Wake's American Nightmare,3598,1468,2000000,0.7102250296091591
202970,Call of Duty®: Black Ops II,25827,4658,5000000,0.8472035427259308
203140,Hitman: Absolution™,23277,2478,5000000,0.9037856726849155
203160,Tomb Raider,93509,4103,10000000,0.9579662336597959
203210,Titan Attacks!,790,79,200000,0.9090909090909091
203290,America's Army: Proving Grounds,6413,1902,5000000,0.7712567648827421
203770,Crusader Kings II,31668,4187,5000000,0.8832240970575931
204030,Fable - The Lost Chapters,4384,364,1000000,0.9233361415332771
204100,Max Payne 3,21581,4374,2000000,0.8314775573107301
204300,Awesomenauts - the 2D moba,20770,3678,5000000,0.8495582460732984
204360,Castle Crashers®,50273,2063,5000000,0.9605816264139407
204530,Infested Planet,1954,127,500000,0.9389716482460355
204880,Sins of a Solar Empire: Rebellion®,8642,712,5000000,0.9238828308744922
205100,Dishonored,41756,1269,5000000,0.9705055200464846
205190,Rocksmith™,869,80,500000,0.9157007376185459
205230,Hell Yeah! Wrath of the Dead Rabbit,2712,434,2000000,0.8620470438652257
205910,Tiny and Big: Grandpa's Leftovers,3483,309,1000000,0.9185126582278481
205950,Jet Set Radio,3398,631,2000000,0.843385455448002
206190,Gunpoint,10384,271,1000000,0.9745659314875645
206210,Gotham City Impostors Free to Play,9269,1773,5000000,0.8394312624524543
206370,Tales From Space: Mutant Blobs Attack,544,57,200000,0.9051580698835274
206420,Saints Row IV,54091,4945,5000000,0.9162375499695101
206440,To the Moon,42115,1423,2000000,0.967315907942487
206500,AirMech Strike,7640,1440,2000000,0.8414096916299559
207080,Indie Game: The Movie,1536,126,500000,0.924187725631769
207140,SpeedRunners,20854,1455,2000000,0.9347796853287911
207170,Legend of Grimrock,4420,268,1000000,0.9428327645051194
207230,ArcheBlade™,5642,2086,5000000,0.730072463768116
207320,Ys: The Oath in Felghana,936,57,200000,0.9425981873111783
207350,Ys Origin,1811,91,500000,0.9521556256572029
207490,Rayman® Origins,1509,114,500000,0.9297597042513863
207690,Botanicula,3524,136,500000,0.9628415300546448
208140,Endless Space® - Collection,5708,1417,2000000,0.8011228070175439
208400,Avernum: Escape From the Pit,658,55,200000,0.9228611500701263
208580,STAR WARS™ Knights of the Old Republic™ II - The Sith Lords™,8047,978,5000000,0.8916343490304709
208650,Batman™: Arkham Knight,33121,12981,2000000,0.718428701574769
208750,Apotheon,2239,240,500000,0.9031867688584106
209000,Batman™: Arkham Origins,20365,3519,5000000,0.8526628705409479
209080,Guns of Icarus Online,12932,1276,5000000,0.9101914414414415
209160,Call of Duty®: Ghosts,14892,10757,2000000,0.5806074310889313
209370,Analogue: A Hate Story,1881,128,200000,0.9362867098058736
209670,Cortex Command,3119,1454,2000000,0.6820467964137328
209950,Triple Town,559,50,100000,0.9178981937602627
210770,Sanctum 2,11629,1273,5000000,0.9013331266470315
210950,Rune Classic,541,50,200000,0.9153976311336718
211160,Viking: Battle for Asgard,856,1013,2000000,0.4579989299090423
211500,RaceRoom Racing Experience,5204,3571,5000000,0.593048433048433
211600,Thief™ Gold,1649,148,1000000,0.9176405119643851
211740,Thief™ II: The Metal Age,845,51,500000,0.9430803571428571
211820,Starbound,74162,7816,5000000,0.9046573470931225
212070,Star Conflict,8647,2796,5000000,0.755658481167526
212160,Vindictus,3646,1460,2000000,0.7140618879749314
212500,The Lord of the Rings Online™,6860,1644,5000000,0.8066792097836313
212680,FTL: Faster Than Light,42641,1629,5000000,0.963203072057827
212800,Super Crate Box,5951,702,2000000,0.8944836915677138
213670,South Park™: The Stick of Truth™,35896,911,5000000,0.9752492732360692
214420,Gear Up,6383,2225,5000000,0.7415195167286245
214490,Alien: Isolation,24534,1958,2000000,0.9260908953646384
214730,Space Rangers HD: A War Apart,3313,170,200000,0.9511915015790985
214770,Guacamelee! Gold Edition,4881,338,1000000,0.9352366353707606
214950,Total War™: ROME II - Emperor Edition,31864,13423,5000000,0.7036014750369863
215080,WAKFU,4413,1335,2000000,0.7677453027139874
215160,The Book of Unwritten Tales,1386,134,500000,0.9118421052631579
215280,Secret World Legends,4420,2106,2000000,0.6772908366533864
216150,MapleStory,3629,1711,2000000,0.6795880149812734
217200,Worms Armageddon,3517,231,1000000,0.938367129135539
218060,BIT.TRIP Presents... Runner2: Future Legend of Rhythm Alien,2615,221,1000000,0.9220733427362482
218230,PlanetSide 2,35968,7753,10000000,0.8226710276526155
218410,Defender's Quest: Valley of the Forgotten (DX edition),2688,102,500000,0.9634408602150538
218620,PAYDAY 2,308657,56523,20000000,0.8452187962100882
218680,Scribblenauts Unlimited,6661,588,2000000,0.9188853634984135
219150,Hotline Miami,45809,1211,5000000,0.9742450021267546
219190,Ultratron,545,60,100000,0.9008264462809917
219640,Chivalry: Medieval Warfare,51499,10939,10000000,0.8248022037861559
219890,Antichamber,12232,612,2000000,0.9523512924322641
219910,Edna & Harvey: Harvey's New Eyes,1674,162,500000,0.9117647058823529
219990,Grim Dawn,26805,2605,2000000,0.9114246854811289
220200,Kerbal Space Program,49328,5168,5000000,0.9051673517322373
220240,Far Cry 3,46331,5622,5000000,0.8917868073066041
220260,Farming Simulator 2013 Titanium Edition,3962,381,1000000,0.9122726226110983
220440,DmC: Devil May Cry,14820,956,2000000,0.9394016227180527
220700,RPG Maker VX Ace,3372,210,1000000,0.9413735343383585
220740,Chaos on Deponia,1433,121,500000,0.9221364221364221
220780,Thomas Was Alone,7456,438,1000000,0.9445148213833291
221040,Resident Evil 6 / Biohazard 6,14643,3904,2000000,0.7895077371003397
221100,DayZ,118435,77169,5000000,0.6054835279442138
221260,Little Inferno,6403,459,1000000,0.9331098805013116
221380,Age of Empires II HD,54090,3178,10000000,0.9445065306977719
221640,Super Hexagon,19797,616,2000000,0.9698231519129966
221680,Rocksmith® 2014 Edition - Remastered,8228,789,1000000,0.9124986137296218
221910,The Stanley Parable,31538,2846,5000000,0.9172289436947417
222440,THE KING OF FIGHTERS 2002 UNLIMITED MATCH,903,78,200000,0.9204892966360856
222880,Insurgency,92355,9570,5000000,0.9061074319352465
223470,POSTAL 2,36263,1872,2000000,0.9509112363970106
223710,Cry of Fear,20990,3497,5000000,0.8571895291379099
223750,DCS World Steam Edition,5083,1534,5000000,0.768172888015717
224260,No More Room in Hell,48190,5747,10000000,0.8934497654671191
224460,Contrast,4028,415,500000,0.9065946432590591
224480,Octodad: Dadliest Catch,6742,536,1000000,0.9263533937895027
224600,Defiance,9150,2808,5000000,0.7651781234320121
224760,FEZ,10641,928,2000000,0.9197856340219552
224820,Super House of Dead Ninjas,1306,56,200000,0.9588839941262849
225080,Brothers - A Tale of Two Sons,31689,1708,2000000,0.948857681827709
225160,Shadow Warrior Classic Redux,1789,151,500000,0.9221649484536083
225260,Brutal Legend,12816,905,5000000,0.9340427082574156
225540,Just Cause™ 3,37747,14024,5000000,0.7291147553649727
225840,Sven Co-op,12211,1173,5000000,0.9123580394500896
226620,Desktop Dungeons,1056,104,200000,0.9103448275862069
227000,Primordia,1863,49,200000,0.9743723849372385
227080,Papo & Yo,2405,160,500000,0.9376218323586745
227300,Euro Truck Simulator 2,176769,5825,10000000,0.9680986231749127
227940,Heroes & Generals,65856,34416,20000000,0.6567735758736237
228360,Full Throttle Remastered,1162,91,200000,0.9273743016759777
230270,N++ (NPLUSPLUS),1600,83,200000,0.9506833036244801
230290,Universe Sandbox ²,5918,377,500000,0.9401111993645751
230410,Warframe,226541,20268,50000000,0.9178798179969125
230820,The Night of the Rabbit,1700,179,500000,0.9047365620010644
231160,The Swapper,5699,242,1000000,0.9592661168153509
231430,Company of Heroes 2,32548,12038,5000000,0.7300049342843045
232010,Euro Truck Simulator,3772,973,2000000,0.7949420442571128
232050,Eador. Masters of the Broken World,1365,679,2000000,0.6678082191780822
232090,Killing Floor 2,60917,8354,5000000,0.8794011924181837
233130,Shadow Warrior,18716,1426,5000000,0.9292026611061464
233150,LUFTRAUSERS,3180,302,500000,0.913268236645606
233270,Far Cry 3 - Blood Dragon,9282,1257,2000000,0.8807287218901224
233450,Prison Architect,31687,2286,5000000,0.9327112707149795
233610,Distance,3989,279,200000,0.9346298031865042
233720,Surgeon Simulator,11387,2462,2000000,0.8222254314390931
233980,UnEpic,5899,449,500000,0.9292690611216131
234140,Mad Max,36222,3811,5000000,0.9048035370819074
234270,Ken Follett's The Pillars of the Earth,1320,99,100000,0.9302325581395349
234630,Project CARS,8618,2720,2000000,0.7600987828541189
234650,Shadowrun Returns,8676,1132,2000000,0.884584013050571
234670,NARUTO SHIPPUDEN: Ultimate Ninja STORM 3 Full Burst HD,8209,882,1000000,0.9029809701902981
235320,Original War,923,66,200000,0.9332659251769464
235460,METAL GEAR RISING: REVENGEANCE,13722,1157,1000000,0.9222393978089926
235540,Warhammer: End Times - Vermintide,13905,3560,2000000,0.7961637560835958
236090,Dust: An Elysian Tail,15064,625,2000000,0.960163171648926
236110,Dungeon Defenders II,10766,3802,5000000,0.7390170236133993
236390,War Thunder,83852,22166,20000000,0.7909222962138505
236430,DARK SOULS™ II,30008,3799,2000000,0.8876268228473393
236450,PAC-MAN™ Championship Edition DX+,5988,291,500000,0.9536550406115624
236850,Europa Universalis IV,40346,8254,2000000,0.830164609053498
236930,Blackwell Epiphany,503,8,50000,0.9843444227005871
237310,Elsword,4755,1511,2000000,0.7588573252473667
237930,Transistor,22158,1162,2000000,0.950171526586621
238010,Deus Ex: Human Revolution - Director's Cut,13044,1233,2000000,0.9136373187644463
238090,Sniper Elite 3,12737,3297,2000000,0.7943744542846451
238210,System Shock 2,4227,274,1000000,0.939124638969118
238320,Outlast,45966,1953,5000000,0.9592437237838853
238370,Magicka 2,4873,1382,2000000,0.779056754596323
238430,Contagion,9087,3585,2000000,0.717092803030303
238460,BattleBlock Theater®,47342,1290,5000000,0.9734742556341504
238960,Path of Exile,71593,6117,20000000,0.9212842619997427
239030,"Papers, Please",25587,1103,5000000,0.9586736605470214
239140,Dying Light,78192,6176,5000000,0.926796889816044
239160,Thief,10486,4326,2000000,0.7079395085066162
239200,Amnesia: A Machine for Pigs,4336,2143,5000000,0.6692390801049545
239800,Bleed,1635,120,200000,0.9316239316239316
239820,Game Dev Tycoon,27373,1436,2000000,0.9501544656183831
240320,Panzar,2987,1609,2000000,0.6499129677980853
240720,Getting Over It with Bennett Foddy,10964,2913,2000000,0.7900843121712186
241240,Contraption Maker,959,92,500000,0.9124643196955281
241260,Sherlock Holmes: Crimes and Punishments,1988,169,200000,0.9216504404265183
241320,Ittle Dew,940,69,200000,0.931615460852329
241600,Rogue Legacy,13854,936,2000000,0.9367139959432048
242050,Assassin’s Creed® IV Black Flag™,23904,3362,2000000,0.8766962517420964
242680,Nuclear Throne,9694,405,1000000,0.9598970195068819
242700,Injustice: Gods Among Us Ultimate Edition,8793,1473,2000000,0.8565166569257744
242720,GunZ 2: The Second Duel,6865,3424,5000000,0.6672174166585674
242760,The Forest,110460,8881,5000000,0.925582993271382
242820,140,3398,241,500000,0.9337730145644407
242860,Verdun,22048,4418,2000000,0.8330688430439054
242920,Banished,24653,2820,2000000,0.8973537655152332
243200,Memoria,1352,136,500000,0.9086021505376344
243970,"Invisible, Inc.",3559,271,1000000,0.929242819843342
244850,Space Engineers,60221,9609,5000000,0.862394386366891
244870,Electronic Super Joy,3032,306,200000,0.908328340323547
244930,SNOW,7235,3754,2000000,0.6583856583856584
245170,Skullgirls,14298,838,2000000,0.9446353065539113
245620,Tropico 5,7878,2482,2000000,0.7604247104247104
246420,Kingdom Rush,5101,182,500000,0.9655498769638463
246620,Plague Inc: Evolved,20081,1419,2000000,0.934
246840,FATE,857,78,200000,0.9165775401069519
246900,Viscera Cleanup Detail,6753,580,1000000,0.9209054957043502
247020,"Cook, Serve, Delicious!",4232,235,500000,0.947391985672711
247080,Crypt of the NecroDancer,14162,533,2000000,0.9637291595780878
247140,Soundodger+,615,67,100000,0.9017595307917888
248310,Freedom Planet,3549,163,500000,0.9560883620689655
248330,Dino Run DX,590,49,100000,0.9233176838810642
248570,Toribash,11143,1563,5000000,0.8769872501180545
248610,Door Kickers,5834,349,1000000,0.9435549086204108
248820,Risk of Rain,22700,1589,2000000,0.9345794392523364
248860,NEO Scavenger,2947,319,200000,0.9023270055113288
249130,LEGO® Marvel™ Super Heroes,8797,691,1000000,0.9271711635750421
249680,Marlow Briggs and the Mask of Death,1685,138,200000,0.9243006034009874
250050,Life Goes On: Done to Death,1516,63,200000,0.9601013299556681
250110,Assault Android Cactus,1282,71,200000,0.9475240206947524
250180,METAL SLUG 3,5229,553,1000000,0.9043583535108959
250260,Jazzpunk: Director's Cut,4136,393,500000,0.9132258776771914
250320,The Wolf Among Us,21127,517,2000000,0.9761134725559046
250400,How to Survive,12965,2751,2000000,0.8249554594044286
250500,Super Amazing Wagon Adventure,1691,93,200000,0.9478699551569507
250600,The Plan,19476,1644,1000000,0.9221590909090909
250700,Super Time Force Ultra,675,72,200000,0.9036144578313253
250760,Shovel Knight: Treasure Trove,9334,332,1000000,0.9656528036416304
250900,The Binding of Isaac: Rebirth,72830,1840,5000000,0.9753582429355833
251130,Chroma Squad,2656,197,500000,0.9309498773221171
251150,The Legend of Heroes: Trails in the Sky,3413,318,500000,0.9147681586705977
251290,The Legend of Heroes: Trails in the Sky SC,1108,26,100000,0.9770723104056437
251370,Escape Goat,566,15,50000,0.9741824440619621
251430,The Inner World,570,51,200000,0.9178743961352657
251470,TowerFall Ascension,1906,125,500000,0.9384539635647464
251570,7 Days to Die,60718,16905,5000000,0.7822166110560015
251730,Legend of Grimrock 2,2075,215,500000,0.9061135371179039
251830,Stick it to The Man!,546,27,50000,0.9528795811518325
251990,Long Live The Queen,5656,305,500000,0.9488340882402282
252110,Lovers in a Dangerous Spacetime,1870,105,500000,0.9468354430379747
252130,Divide By Sheep,713,49,200000,0.9356955380577427
252410,SteamWorld Dig,4095,311,1000000,0.9294144348615524
252490,Rust,220370,53709,10000000,0.8040382517449348
252610,Death Road to Canada,3307,234,500000,0.9339169726066083
252870,PULSAR: Lost Colony,1989,212,200000,0.9036801453884598
252950,Rocket League®,242561,21816,10000000,0.9174814753174444
253030,Race The Sun,5258,343,1000000,0.9387609355472237
253110,The Cat Lady,3446,246,200000,0.9333694474539544
253230,A Hat in Time,14019,292,500000,0.9795961148766683
253710,theHunter Classic,11440,15403,10000000,0.42618187236896027
253750,Ikaruga,1398,70,200000,0.952316076294278
253840,Shantae: Half-Genie Hero,1704,160,200000,0.9141630901287554
253980,Enclave,4076,1139,2000000,0.7815915627996165
254440,Pool Nation,2295,253,500000,0.9007064364207221
254460,Obscure,685,55,100000,0.9256756756756757
255390,Max: The Curse of Brotherhood,968,53,100000,0.9480901077375122
255710,Cities: Skylines,67553,6005,10000000,0.9183637401778189
256290,Child of Light,9980,747,1000000,0.930362636338212
257510,The Talos Principle,17237,785,2000000,0.9564421262900898
257850,Hyper Light Drifter,11027,721,1000000,0.9386278515491998
259060,Dominions 4: Thrones of Ascension,1208,113,100000,0.9144587433762301
259080,Just Cause 2: Multiplayer Mod,12261,1099,2000000,0.9177395209580839
259550,Hero of the Kingdom,2936,237,200000,0.9253072801764891
259680,Tales of Maj'Eyal,2748,133,500000,0.9538354737938216
259740,Nightmares from the Deep: The Cursed Heart,1099,84,200000,0.9289940828402367
260190,Marc Eckō's Getting Up: Contents Under Pressure,778,71,100000,0.9163722025912838
260230,Valiant Hearts: The Great War™ / Soldats Inconnus : Mémoires de la Grande Guerre™,15650,709,500000,0.956659942539275
260750,Neighbours from Hell Compilation,1639,51,500000,0.9698224852071006
261110,Killer is Dead - Nightmare Edition,4940,1599,2000000,0.7554671968190855
261180,Lethal League,5196,346,1000000,0.937567665102851
261640,Borderlands: The Pre-Sequel,16909,5076,5000000,0.7691153058903798
262060,Darkest Dungeon®,41544,6741,5000000,0.8603914259086672
262280,Dungeons 2,3043,787,2000000,0.7945169712793734
262410,World of Guns: Gun Disassembly,11178,2300,5000000,0.8293515358361775
263280,Spintires®: The Original Game,17042,2965,2000000,0.851801869345729
263500,Dragons and Titans,2428,708,2000000,0.7742346938775511
263760,Turbo Dismount™,3800,346,500000,0.9165460684997588
263980,Out There Somewhere,6180,459,1000000,0.9308630817894261
264200,One Finger Death Punch,14181,256,1000000,0.9822677841656854
264380,Narcissu 1st & 2nd,2854,169,500000,0.9440952695997353
264710,Subnautica,90155,5413,5000000,0.9433597019922987
265210,Viscera Cleanup Detail: Santa's Rampage,3645,395,1000000,0.9022277227722773
265590,The Red Solstice,1476,535,2000000,0.7339632023868722
265610,Epic Battle Fantasy 4,2180,80,500000,0.9646017699115044
265630,Fistful of Frags,23803,2399,5000000,0.9084421036562095
265890,Hexcells,3482,129,500000,0.9642758238715038
265930,Goat Simulator,45892,5779,5000000,0.8881577674130556
266010,LYNE,6860,263,500000,0.9630773550470307
266210,One Way Heroics,3349,199,500000,0.9439120631341601
266510,Hand of Fate,8045,794,1000000,0.9101708338047291
266840,Age of Mythology: Extended Edition,9336,1577,2000000,0.8554934481810684
268130,Heat Signature,3247,220,500000,0.9365445630227863
268400,Panzer Corps,1054,93,200000,0.918918918918919
268420,Aura Kingdom,5666,1533,5000000,0.7870537574663148
268500,XCOM® 2,28774,7018,2000000,0.8039226642825212
268850,EVGA Precision XOC,1626,538,2000000,0.7513863216266173
268910,Cuphead,38821,1698,2000000,0.9580937338038945
269050,Year Walk,1519,147,200000,0.9117647058823529
269170,Sports Bar VR,624,67,100000,0.9030390738060782
269210,Hero Siege,14929,4023,2000000,0.7877268889826932
269270,LOVE,941,98,100000,0.9056785370548605
269770,Secrets of Grindea,3642,254,200000,0.9348049281314168
270210,Melody's Escape,4187,292,200000,0.9348068765349409
270450,Robot Roller-Derby Disco Dodgeball,3155,259,500000,0.9241359109548917
270550,Yet Another Zombie Defense,9900,1529,5000000,0.8662175168431184
270880,American Truck Simulator,25316,2096,2000000,0.9235371370202831
271590,Grand Theft Auto V,329061,139308,20000000,0.7025678471461604
271820,Card City Nights,744,81,200000,0.9018181818181819
271900,Hexcells Plus,1283,89,200000,0.935131195335277
272040,KAMI,1009,44,200000,0.9582146248812915
272600,Detective Grimoire,1123,62,100000,0.9476793248945148
273110,Counter-Strike Nexon: Zombies,22130,12127,10000000,0.645999357795487
274170,Hotline Miami 2: Wrong Number,21838,1933,2000000,0.9186824281687771
274190,Broforce,31033,1059,2000000,0.9670011217748972
274350,Dropsy,1158,80,200000,0.9353796445880452
274500,Brigador: Up-Armored Edition,1538,110,500000,0.933252427184466
274520,Darkwood,3856,238,500000,0.9418661455788959
274940,Depth,22385,3472,2000000,0.8657230150442821
275200,Westerado: Double Barreled,1198,110,200000,0.9159021406727829
275390,Guacamelee! Super Turbo Championship Edition,1728,122,500000,0.9340540540540541
275850,No Man's Sky,63444,56488,2000000,0.5289997665343695
278360,A Story About My Uncle,17924,1642,10000000,0.9160789123990596
279800,Grim Legends 2: Song of the Dark Swan,761,27,200000,0.9657360406091371
279940,The Book of Unwritten Tales 2,562,47,100000,0.922824302134647
280220,Creeper World 3: Arc Eternal,2347,87,200000,0.9642563681183237
280790,Creativerse,19114,4911,5000000,0.7955879292403746
281640,The Banner Saga 2,1670,172,500000,0.9066232356134636
281920,Splatter - Zombie Apocalypse,1858,202,500000,0.9019417475728155
281990,Stellaris,35327,10036,5000000,0.7787624275290435
282070,This War of Mine,47258,2571,5000000,0.9484035401071665
282140,SOMA,16463,754,1000000,0.9562060753906023
282440,Quake Live™,10227,1956,5000000,0.839448411721251
282800,100% Orange Juice,10605,794,500000,0.930344767084832
282900,Hyperdimension Neptunia Re;Birth1 / 超次次元ゲイム ネプテューヌRe;Birth1 / 超次次元遊戲戰機少女重生1,9138,476,500000,0.9504888703973372
283160,House of the Dying Sun,999,110,100000,0.9008115419296664
283640,Salt and Sanctuary,7173,634,500000,0.9187908287434354
283960,Pajama Sam: No Need to Hide When It's Dark Outside,580,14,50000,0.9764309764309764
284160,BeamNG.drive,15168,1536,1000000,0.9080459770114943
284390,The Last Door - Collector's Edition,1284,72,200000,0.9469026548672567
284710,Abyss: The Wraiths of Eden,905,100,200000,0.900497512437811
284770,Enigmatis 2: The Mists of Ravenwood,872,22,200000,0.9753914988814317
284790,Nightmares from the Deep 2: The Siren`s Call,561,24,200000,0.958974358974359
284810,Nightmares from the Deep 3: Davy Jones,511,19,200000,0.9641509433962264
284830,Clockwork Tales: Of Glass and Ink,735,69,100000,0.914179104477612
284850,Grim Legends: The Forsaken Bride,878,39,200000,0.9574700109051254
284870,9 Clues: The Secret of Serpent Creek,887,95,100000,0.9032586558044806
285310,RollerCoaster Tycoon®: Deluxe,3049,226,1000000,0.9309923664122137
285440,Crimzon Clover WORLD IGNITION,1053,59,200000,0.9469424460431655
285740,Kitty Powers' Matchmaker,588,38,100000,0.939297124600639
285800,Braveland,1517,319,2000000,0.8262527233115469
285900,Gang Beasts,13439,5880,2000000,0.6956364201045603
286100,You Have to Win the Game,5005,388,1000000,0.9280548859632858
286160,Tabletop Simulator,13243,777,2000000,0.9445791726105564
286260,fault - milestone one,2436,164,500000,0.936923076923077
286570,F1 2015,3834,2720,5000000,0.5849862679279829
286690,Metro 2033 Redux,28179,7313,5000000,0.7939535670010143
286940,S.K.I.L.L. - Special Force 2 (Shooter),7344,3553,5000000,0.6739469578783152
287020,Harvester,571,54,100000,0.9136
287390,Metro: Last Light Redux,23483,5874,5000000,0.7999114350921416
287450,Rise of Nations: Extended Edition,5125,473,1000000,0.9155055376920329
287700,METAL GEAR SOLID V: THE PHANTOM PAIN,38643,4954,2000000,0.8863683280959699
287980,Mini Metro,7464,288,1000000,0.9628482972136223
288120,Dungeonmans,520,45,50000,0.9203539823008849
288160,The Room,10206,280,500000,0.9732977303070761
289070,Sid Meier’s Civilization® VI,39127,18325,5000000,0.6810380839657453
289130,Endless Legend™,10015,2107,2000000,0.8261837980531266
291480,Warface,32751,14409,20000000,0.6944656488549619
291550,Brawlhalla,73268,14489,20000000,0.8348963615438084
291650,Pillars of Eternity,11558,1835,2000000,0.8629881281266333
291860,Pit People®,5027,311,500000,0.9417384788310229
292030,The Witcher® 3: Wild Hunt,202930,4798,10000000,0.9769024878687514
292500,Kero Blaster,543,40,200000,0.9313893653516295
292600,Duet,610,38,100000,0.941358024691358
293540,Guns and Robots,1129,606,2000000,0.6507204610951008
293780,Crawl,3757,156,500000,0.9601328903654485
294100,RimWorld,38556,857,2000000,0.97825590541192
294810,BlazBlue: Continuum Shift Extend,998,88,200000,0.9189686924493554
294860,Valkyria Chronicles™,8862,838,1000000,0.9136082474226804
296470,Mount Your Friends,6341,329,1000000,0.9506746626686656
296490,GemCraft - Chasing Shadows,2179,88,200000,0.9611821790913101
296870,Dreaming Sarah,1686,163,500000,0.9118442401297999
296970,Renowned Explorers: International Society,2013,150,500000,0.9306518723994452
298030,Total Annihilation,1274,56,200000,0.9578947368421052
298110,Far Cry® 4,17082,4740,2000000,0.7827880120978828
298180,The Desolate Hope,752,69,500000,0.9159561510353228
298240,Red Crucible®: Firestorm,4795,3264,5000000,0.5949869710882243
298260,Only If,3752,2137,2000000,0.6371200543385974
298600,Lovely Planet,2092,181,500000,0.9203695556533216
298630,The Escapists,11629,1432,2000000,0.8903606155730802
299030,Blood: One Unit Whole Blood,1025,110,100000,0.9030837004405287
299360,Block N Load,10856,3196,5000000,0.7725590663250783
300570,Infinifactory,1511,92,500000,0.9426076107298814
301520,Robocraft,80360,30987,20000000,0.7217078143102194
301650,Battlezone 98 Redux,515,54,50000,0.9050966608084359
301970,Screencheat,1157,99,500000,0.9211783439490446
302380,Floating Point,3262,139,1000000,0.9591296677447809
302510,Ryse: Son of Rome,14966,2939,2000000,0.8358559061714604
302610,Boson X,1288,105,100000,0.9246231155778895
302790,Momodora III,752,60,100000,0.9261083743842364
302830,BLOCKADE 3D,15821,11583,5000000,0.5773244781783681
303310,The House in Fata Morgana,659,17,20000,0.9748520710059172
303390,Dead Bits,4845,3470,2000000,0.5826819001803969
304030,ArcheAge,3195,3033,2000000,0.5130057803468208
304050,Trove,47897,13708,10000000,0.7774855937018099
304240,Resident Evil / biohazard HD REMASTER,6313,661,1000000,0.9052193862919415
304390,FOR HONOR™,34790,25920,5000000,0.5730522154505023
304410,Hexcells Infinite,1947,68,200000,0.9662531017369727
304430,INSIDE,19660,934,1000000,0.9546469845586093
304930,Unturned,292574,31482,50000000,0.9028501246698102
305380,Blue Estate The Game,1068,104,100000,0.9112627986348123
305620,The Long Dark,45856,4298,2000000,0.914303943852933
306020,Bloons TD 5,3808,347,500000,0.9164861612515042
306130,The Elder Scrolls® Online,33719,11672,2000000,0.7428565134057412
307580,Technobabylon,812,44,200000,0.9485981308411215
307690,Sleeping Dogs: Definitive Edition,15529,1904,2000000,0.8907818505133941
307780,Mortal Kombat X,21484,7154,2000000,0.7501920525176339
310080,Hatoful Boyfriend,5235,328,500000,0.9410390077296423
310360,Higurashi When They Cry Hou - Ch.1 Onikakushi,1383,50,200000,0.9651081646894627
310370,The Way of Life Free Edition,5251,1821,2000000,0.7425056561085973
310560,DiRT Rally,17632,2496,2000000,0.875993640699523
310790,Geometry Wars™ 3: Dimensions Evolved,910,100,200000,0.900990099009901
311190,Super Panda Adventures,679,24,50000,0.9658605974395448
311210,Call of Duty®: Black Ops III,36255,23157,2000000,0.6102302565138356
311240,Zero Escape: Zero Time Dilemma,1382,128,500000,0.9152317880794701
311690,Enter the Gungeon,24947,1573,2000000,0.9406862745098039
311870,Super Trench Attack!,992,80,100000,0.9253731343283582
312530,Duck Game,16769,755,1000000,0.956916229171422
312610,METAL SLUG X,1544,164,500000,0.9039812646370023
312990,The Expendabros,15084,425,5000000,0.9725965568379651
313160,Farming Simulator 15,10219,1066,1000000,0.9055383252104564
313730,Sunrider: Mask of Arcadius,2375,174,1000000,0.9317379364456649
314160,Microsoft Flight Simulator X: Steam Edition,8859,2282,2000000,0.795170990036801
314230,Rodina,1111,76,50000,0.9359730412805392
314410,Rampage Knights,2301,189,500000,0.9240963855421687
315460,Dig or Die,2777,285,200000,0.9069235793598955
315810,eden*,1966,77,200000,0.9623103279490944
316010,Magic Duels,16599,6912,5000000,0.7060099527880567
316390,sZone-Online,3205,4886,5000000,0.3961191447287109
316720,planetarian ~the reverie of a little planet~,1475,37,100000,0.9755291005291006
317360,Double Action: Boogaloo,9252,786,5000000,0.921697549312612
318130,Doom & Destiny,1580,54,100000,0.966952264381885
319630,Life is Strange - Episode 1,118634,4496,10000000,0.9634857467717047
320300,Car Mechanic Simulator 2015,8238,827,1000000,0.9087699944842802
320760,Tokyo School Life,586,35,50000,0.9436392914653784
321480,Sigils of Elohim,828,71,500000,0.9210233592880979
322110,20XX,2591,205,500000,0.9266809728183119
322170,Geometry Dash,52737,2990,2000000,0.9463455775476879
322190,SteamWorld Heist,2660,121,500000,0.9564904710535779
322210,"Guns, Gore & Cannoli",1650,125,200000,0.9295774647887324
322290,Gurumin: A Monstrous Adventure,513,48,100000,0.9144385026737968
322330,Don't Starve Together,108601,4206,10000000,0.9627150797379596
322500,SUPERHOT,14847,2202,2000000,0.8708428646841457
322770,Vanishing Realms™,2132,132,200000,0.941696113074205
323190,Frostpunk,22952,3202,2000000,0.8775713084040682
323320,Grow Home,3855,382,500000,0.9098418692471089
323380,The Magic Circle,1048,83,200000,0.9266136162687887
323580,Jotun: Valhalla Edition,5325,1470,5000000,0.7836644591611479
324160,CLANNAD,1900,40,100000,0.979381443298969
324680,Impossible Creatures Steam Edition,731,34,100000,0.9555555555555556
325610,Total War: ATTILA,12297,4469,2000000,0.7334486460694262
326150,Death Skid Marks,513,43,50000,0.9226618705035972
326460,ShellShock Live,11426,1264,2000000,0.9003940110323089
326480,If My Heart Had Wings,2780,219,200000,0.9269756585528509
327140,Tilt Brush,796,26,200000,0.9683698296836983
327560,Near Death,555,54,50000,0.9113300492610837
328080,Rise to Ruins,2850,279,500000,0.9108341323106424
328760,SanctuaryRPG: Black Edition,1218,96,200000,0.9269406392694064
329050,Devil May Cry® 4 Special Edition,5036,509,1000000,0.9082055906221821
329130,Reassembly,2258,173,200000,0.9288358700123406
330390,Grandia® II Anniversary Edition,1061,102,100000,0.9122957867583835
330830,Tales from the Borderlands,14338,697,2000000,0.953641503159295
331470,Everlasting Summer,31230,1538,2000000,0.95306396484375
331670,The Jackbox Party Pack,774,72,500000,0.9148936170212766
332070,School of Dragons,1851,1778,2000000,0.5100578671810416
332200,Axiom Verge,3084,187,200000,0.9428309385509018
332800,Five Nights at Freddy's 2,8032,851,1000000,0.9041990318586063
333600,NEKOPARA Vol. 1,16160,740,1000000,0.9562130177514793
333640,Caves of Qud,1498,46,100000,0.9702072538860104
333930,Dirty Bomb®,43743,10891,10000000,0.8006552696123294
334920,Zero-K,873,87,500000,0.909375
334940,Yoku's Island Express,562,20,50000,0.9656357388316151
335000,Tormentum - Dark Sorrow,1824,110,100000,0.9431230610134437
335240,Transformice,11701,2227,5000000,0.8401062607696727
335300,DARK SOULS™ II: Scholar of the First Sin,25959,4289,2000000,0.8582055011901614
335670,LISA,7450,344,500000,0.955863484731845
336140,Unavowed,607,23,50000,0.9634920634920635
337000,Deus Ex: Mankind Divided,16023,7344,2000000,0.6857106175375529
337320,Paint the Town Red,4752,489,500000,0.9066971951917573
337340,Finding Paradise,6578,123,500000,0.9816445306670646
337950,The SKIES,1706,2059,2000000,0.4531208499335989
339280,Strife®,3677,1197,2000000,0.754411161263849
339350,Choice of Robots,1719,50,100000,0.971735443753533
339610,Freestyle 2: Street Basketball,5781,2192,5000000,0.7250721183995986
339800,HuniePop,17761,711,1000000,0.9615093113902122
340000,Headlander,575,63,100000,0.9012539184952978
340520,Tallowmere,581,42,50000,0.9325842696629213
341800,Keep Talking and Nobody Explodes,5745,115,1000000,0.9803754266211604
342200,MechWarrior Online™ Solaris 7,4262,1418,2000000,0.7503521126760564
342300,Zombie Kill of the Week - Reborn,736,63,100000,0.9211514392991239
342560,Airships: Conquer the Skies,2066,111,100000,0.9490124023886082
342580,12 Labours of Hercules,2391,156,200000,0.9387514723203769
343710,Kholat,2593,1188,2000000,0.6857974080930971
344770,fault - milestone two side:above,1886,42,100000,0.9782157676348547
345610,The Fruit of Grisaia,692,37,50000,0.9492455418381345
345820,Shantae and the Pirate's Curse,1477,99,500000,0.9371827411167513
346010,Besiege,25880,1364,5000000,0.949933930406695
346110,ARK: Survival Evolved,145035,66603,10000000,0.6852975363592549
346330,BrainBread 2,2334,1061,2000000,0.6874815905743741
346560,Hero of the Kingdom II,1409,84,100000,0.9437374413931681
346900,AdVenture Capitalist,35093,4214,5000000,0.8927926323555601
347620,Gaokao.Love.100Days,4592,215,200000,0.9552735593925525
347830,Fairy Fencer F,1997,208,200000,0.9056689342403628
348250,Google Earth VR,1788,71,1000000,0.9618074233458849
348550,GUILTY GEAR XX ACCENT CORE PLUS R,658,65,200000,0.9100968188105117
348620,Voices from the Sea,1083,75,200000,0.9352331606217616
348710,Saint Seiya: Soldiers' Soul,1588,152,100000,0.9126436781609195
349040,NARUTO SHIPPUDEN: Ultimate Ninja STORM 4,17336,3456,2000000,0.8337822239322816
350070,Environmental Station Alpha,518,53,50000,0.9071803852889667
350740,The Bug Butcher,939,92,100000,0.9107662463627546
351030,Pixel Puzzles Ultimate,895,372,2000000,0.7063930544593529
351640,Eternal Senia,10106,227,1000000,0.9780315494048195
351700,UnReal World,544,25,50000,0.9560632688927944
351710,Hyperdimension Neptunia Re;Birth2: Sisters Generation / 超次次元ゲイム ネプテューヌRe;Birth2 / 超次次元遊戲 戰機少女 重生2,2323,198,500000,0.9214597381991273
351920,Crazy Machines 3,3158,130,100000,0.9604622871046229
352520,The Silent Age,4700,320,500000,0.9362549800796812
353270,Hyperdimension Neptunia Re;Birth3 V Generation / 神次次元ゲイム ネプテューヌRe;Birth3 V CENTURY / 神次次元遊戲 戰機少女 重生3 Ｖ世紀,2590,120,500000,0.955719557195572
353330,Love at First Sight,815,41,50000,0.9521028037383178
353540,Stephen's Sausage Roll,557,28,50000,0.9521367521367521
355050,Sky Force Anniversary,1022,99,100000,0.911685994647636
355180,Codename CURE,11470,2426,5000000,0.8254173862982153
355840,Survarium,9985,9441,5000000,0.5140018531864512
355980,Dungeon Warfare,990,37,100000,0.9639727361246349
356190,Middle-earth™: Shadow of War™,19813,5633,2000000,0.7786292541067358
356400,Thumper,1950,166,200000,0.9215500945179584
356520,Port of Call,939,104,200000,0.900287631831256
356670,Spooky's Jump Scare Mansion,9030,725,2000000,0.9256791389031266
357300,Snakebird,615,47,100000,0.9290030211480362
357330,Space Beast Terror Fright,673,46,50000,0.9360222531293463
357340,Cobalt,551,58,50000,0.9047619047619048
359050,Shower With Your Dad Simulator 2015: Do You Still Shower With Your Dad,8258,423,500000,0.9512728948277848
359320,Elite Dangerous,26143,11006,2000000,0.7037336132870333
359390,Amnesia™: Memories,1803,125,100000,0.9351659751037344
359550,Tom Clancy's Rainbow Six® Siege,251178,59620,10000000,0.8081712237530486
360430,Mafia III,13366,13650,2000000,0.4947438554930412
360740,Downwell,4486,149,500000,0.9678532901833873
361420,ASTRONEER,28375,5246,2000000,0.8439665685137265
361990,Lakeview Cabin Collection,901,84,200000,0.9147208121827411
362620,Software Inc.,2578,218,200000,0.9220314735336195
362680,Fran Bow,4896,192,500000,0.9622641509433962
362890,Black Mesa,14113,999,2000000,0.9338935944944415
363970,Clicker Heroes,42530,4734,10000000,0.8998392010832769
364360,Total War: WARHAMMER,29826,9878,2000000,0.751208946201894
364390,Downfall,522,37,50000,0.9338103756708408
364470,The Elder Scrolls®: Legends™,5365,2099,2000000,0.7187834941050375
364930,Koi-Koi Japan [Hanafuda playing cards],731,51,100000,0.9347826086956522
365300,Transmissions: Element 120,7916,501,1000000,0.9404776048473328
365450,Hacknet,13355,1052,5000000,0.9269799403067953
365590,Tom Clancy’s The Division™,49832,25607,5000000,0.6605601877013216
366250,METAL SLUG,1169,128,500000,0.9013107170393215
367500,Dragon's Dogma: Dark Arisen,12856,1688,2000000,0.8839383938393839
367520,Hollow Knight,40167,1927,2000000,0.9542215042523875
367570,oO,792,74,100000,0.9145496535796767
367580,Hook,6636,193,200000,0.9717381754283204
367670,Controller Companion,1603,149,200000,0.9149543378995434
368230,Kingdom: Classic,9673,1227,5000000,0.8874311926605505
368340,CrossCode,6219,336,500000,0.9487414187643021
368390,The Darkside Detective,680,32,100000,0.9550561797752809
368650,Dark Echo,563,44,50000,0.9275123558484349
368950,Jigoku Kisetsukan: Sense of the Seasons,1601,118,500000,0.9313554392088423
370020,Templar Battleforce,681,39,50000,0.9458333333333333
370280,Season of 12 Colors,1360,85,50000,0.9411764705882353
370360,TIS-100,2536,82,500000,0.9686783804430863
370910,Kathy Rain,1188,86,200000,0.9324960753532182
372000,Tree of Savior (English Ver.),9323,5897,5000000,0.6125492772667542
373180,Kung Fury: Street Rage,1997,216,200000,0.9023949389968369
373390,Contradiction - Spot The Liar!,1644,61,50000,0.9642228739002933
373420,Divinity: Original Sin - Enhanced Edition,10601,1201,2000000,0.8982375868496865
373770,LiEat,2637,94,200000,0.9655803734895643
374320,DARK SOULS™ III,100412,9953,5000000,0.9098174240021746
375480,Chronicon,1209,76,100000,0.9408560311284047
375530,"Football, Tactics & Glory",1774,172,50000,0.9116135662898253
375820,Human Resource Machine,2200,155,500000,0.9341825902335457
375950,Viridi,5524,575,1000000,0.9057222495491064
376300,GUILTY GEAR Xrd -SIGN-,1900,153,200000,0.9254749147588894
377160,Fallout 4,110376,45377,10000000,0.7086605073417527
377840,FINAL FANTASY IX,3875,325,500000,0.9226190476190477
377860,Mushihimesama,790,20,50000,0.9753086419753086
378610,Valley,4036,385,500000,0.9129156299479756
378720,Thea: The Awakening,2533,264,200000,0.9056131569538791
379430,Kingdom Come: Deliverance,30024,9307,2000000,0.7633673184002441
379720,DOOM,68536,5156,5000000,0.9300331107854313
379980,Panzermadels: Tank Dating Simulator,1157,107,50000,0.9153481012658228
380600,Fishing Planet,10585,3330,5000000,0.7606899029823931
381020,Sky Rogue,614,51,50000,0.9233082706766917
381210,Dead by Daylight,140721,44985,10000000,0.7577622693935575
381780,80 Days,1092,108,200000,0.91
382490,Relic Hunters Zero,5715,352,1000000,0.9419812098236361
383080,Sakura Clicker,11952,2209,2000000,0.8440081915118989
383270,Hue,737,48,200000,0.9388535031847134
384190,ABZU,15634,1233,1000000,0.9268986778917413
384630,Aviary Attorney,1241,66,100000,0.9495026778882938
385800,NEKOPARA Vol. 0,11781,765,1000000,0.9390243902439024
386180,Crossout,12372,6196,5000000,0.6663076260232659
386360,SMITE®,34514,8895,10000000,0.79508857610173
386940,Ultimate Chicken Horse,7908,451,1000000,0.9460461777724608
387290,Ori and the Blind Forest: Definitive Edition,15886,627,2000000,0.9620299158238963
387340,Hyperdimension Neptunia U: Action Unleashed,2394,176,200000,0.9315175097276265
388090,Five Nights at Freddy's 4,6348,507,500000,0.926039387308534
388210,Day of the Tentacle Remastered,2404,73,500000,0.9705288655631813
388410,Darksiders II Deathinitive Edition,5935,2063,2000000,0.7420605151287822
388750,BlazBlue: Chronophantasma Extend,2014,180,500000,0.9179580674567
388880,Oxenfree,6551,477,500000,0.9321286283437678
389140,Horizon Chase Turbo,688,24,20000,0.9662921348314607
389170,A Lenda do Herói - O Herói desta Canção,858,79,200000,0.9156883671291356
389430,Knight Online,3704,4187,5000000,0.46939551387656825
389510,Wild Animal Racing,1521,134,50000,0.9190332326283988
389570,Mitos.is: The Game,9463,2158,5000000,0.814301695206953
391220,Rise of the Tomb Raider™,49004,3838,5000000,0.9273683812119148
391460,WARMODE,8983,6166,5000000,0.5929764340880587
391540,Undertale,97832,4496,5000000,0.9560628566961145
391720,Layers of Fear,14551,1682,5000000,0.8963839093205199
393190,TSIOQUE,509,8,20000,0.9845261121856866
394360,Hearts of Iron IV,34711,5251,2000000,0.8686001701616536
394510,HELLDIVERS™ A New Hell Edition,13065,1222,1000000,0.9144676979071884
394970,DEADBOLT,2376,117,200000,0.9530685920577617
395170,DISTRAINT: Deluxe Edition,6830,451,5000000,0.9380579590715561
396650,ACE Academy,1074,48,50000,0.9572192513368984
397270,A Kiss For The Petals - Remembering How We Met,1035,82,100000,0.9265890778871978
397340,SimplePlanes,4544,474,1000000,0.9055400557991231
397460,The Jackbox Party Pack 2,533,32,500000,0.9433628318584071
397740,Hylics,525,13,50000,0.9758364312267658
397900,Business Tour - Board Game with Online Multiplayer,9693,5411,2000000,0.641750529661017
397950,Clustertruck,4497,485,500000,0.9026495383380169
398710,Timberman,5139,350,500000,0.936236108580798
398850,Epistory - Typing Chronicles,3603,160,500000,0.9574807334573479
400630,Wuppo,1716,90,500000,0.9501661129568106
400910,Rabi-Ribi,6496,167,200000,0.974936214918205
401680,POSTAL Redux,1157,122,200000,0.9046129788897577
401810,Poi,525,50,50000,0.9130434782608695
402330,Press X to Not Die,2147,205,100000,0.9128401360544217
402430,Out of the Park Baseball 17,568,52,200000,0.9161290322580645
402620,Kindred Spirits on the Roof,574,22,50000,0.9630872483221476
403640,Dishonored 2,21022,5059,2000000,0.8060273762509106
404410,Endless Sky,3420,366,1000000,0.9033280507131537
404480,SC2VN - The eSports Visual Novel,786,59,200000,0.9301775147928995
404790,Godot Engine,624,21,500000,0.9674418604651163
405640,Pony Island,9347,421,500000,0.9569000819000819
405820,Turok,1614,73,100000,0.9567279193835211
405830,Turok 2: Seeds of Evil,983,58,100000,0.9442843419788665
406150,Refunct,11930,583,500000,0.9534084552065851
407310,NEKO-NIN exHeart,652,23,50000,0.965925925925926
407330,Sakura Dungeon,1041,88,200000,0.9220549158547388
407900,Princess Remedy in a World of Hurt,2305,53,200000,0.9775233248515691
408410,X-Morph: Defense,818,60,100000,0.9316628701594533
408520,FORM,551,45,50000,0.924496644295302
409160,"Dr. Langeskov, The Tiger, and The Terribly Cursed Emerald: A Whirlwind Heist",7642,529,1000000,0.935258842246971
409670,Pink Hour,816,66,200000,0.9251700680272109
409690,Pink Heaven,574,63,200000,0.9010989010989011
409710,BioShock™ Remastered,8652,5121,5000000,0.6281855804835548
409720,BioShock™ 2 Remastered,2796,2808,5000000,0.4989293361884368
410320,EARTH DEFENSE FORCE 4.1 The Shadow of New Despair,4325,267,500000,0.9418554006968641
411370,Melty Blood Actress Again Current Code,1205,117,100000,0.9114977307110439
411830,SENRAN KAGURA SHINOVI VERSUS,2991,160,200000,0.9492224690574421
411960,TY the Tasmanian Tiger,1676,26,100000,0.9847238542890717
412830,STEINS;GATE,5720,130,200000,0.9777777777777777
413150,Stardew Valley,118217,3761,5000000,0.9691665710210038
413410,Danganronpa: Trigger Happy Havoc,5714,167,500000,0.9716034687978234
413420,Danganronpa 2: Goodbye Despair,4677,148,500000,0.9693264248704663
414340,Hellblade: Senua's Sacrifice,20227,1805,1000000,0.9180737109658679
415420,Nyan Cat: Lost In Space,1394,106,50000,0.9293333333333333
416600,Full Metal Furies,963,94,100000,0.9110690633869442
416680,Zombie Night Terror,1140,86,200000,0.9298531810766721
416690,Oh...Sir! Prototype,811,76,200000,0.9143179255918827
416770,SquareCells,555,46,50000,0.9234608985024958
417290,Ghost of a Tale,2119,173,200000,0.9245200698080279
417860,Emily is Away,25981,3340,2000000,0.8860884690153815
418070,Turbo Pug,3041,310,1000000,0.9074903014025664
418190,Helen's Mysterious Castle,513,31,50000,0.9430147058823529
418240,Shadow Tactics: Blades of the Shogun,9523,417,1000000,0.9580482897384306
418370,RESIDENT EVIL 7 biohazard / BIOHAZARD 7 resident evil,19022,1718,1000000,0.9171648987463838
418650,Space Pirate Trainer,1909,84,200000,0.9578524836929252
419460,"That Dragon, Cancer",996,110,50000,0.9005424954792043
420110,NEKOPARA Vol. 2,8671,238,1000000,0.9732854416881805
420530,OneShot,10985,220,500000,0.9803659080767515
420740,The Deed,1378,137,200000,0.9095709570957096
421120,Samorost 3,1888,98,500000,0.9506545820745217
422970,Devil Daggers,4462,222,500000,0.952604611443211
424280,Iron Snout,13889,277,2000000,0.9804461386418184
425580,The Room Two,7382,176,500000,0.9767134162476846
427520,Factorio,47918,723,2000000,0.9851359963816534
427730,Who's Your Daddy,9751,3747,2000000,0.7224033190102237
428550,Momodora: Reverie Under The Moonlight,5904,363,500000,0.9420775490665391
428750,Neon Chrome,743,61,500000,0.9241293532338308
429660,Tales of Berseria™,7427,536,500000,0.9326886851689062
429720,IMSCARED,592,57,50000,0.9121725731895224
429940,The Sad Story of Emmeline Burns,554,48,100000,0.920265780730897
430960,Lucy -The Eternity She Wished For-,5341,238,200000,0.9573400250941029
431240,Golf With Your Friends,15946,1723,2000000,0.902484577508631
431960,Wallpaper Engine,63623,1947,10000000,0.970306542626201
432350,Epic Battle Fantasy 5,1073,19,100000,0.9826007326007326
433340,Slime Rancher,24205,965,2000000,0.9616607071911005
433850,Z1 Battle Royale,111434,91664,20000000,0.5486710848949768
433950,Bit Blaster XL,5221,145,500000,0.9729780096906449
434170,The Jackbox Party Pack 3,831,44,500000,0.9497142857142857
434210,It's Spring Again,559,53,200000,0.9133986928104575
434570,Blood and Bacon,16822,995,1000000,0.9441544592243363
435030,Lost Lands: Mahjong,3769,309,200000,0.9242275625306523
435120,Rusty Lake Hotel,1311,86,200000,0.9384395132426628
435150,Divinity: Original Sin 2 - Definitive Edition,44145,2464,5000000,0.9471346735609003
435400,Hidden Folks,4514,161,500000,0.9655614973262032
436520,Line of Sight,4562,3397,5000000,0.5731875863801985
436820,Waltz of the Wizard,1133,24,500000,0.9792566983578219
437160,The Lion's Song: Episode 1 - Silence,1579,109,200000,0.9354265402843602
437900,Party Jousting,575,58,1000000,0.9083728278041074
437920,Tricky Towers,3449,378,500000,0.9012281160177685
438040,Shakes and Fidget,6591,988,2000000,0.869639794168096
438100,VRChat,25818,3323,5000000,0.8859682234652209
438270,Learn Japanese To Survive! Hiragana Battle,1189,88,200000,0.9310884886452623
439190,Stories: The Path of Destinies,4138,609,2000000,0.8717084474404887
439940,Lucid9: Inciting Incident,795,71,200000,0.918013856812933
440540,Ara Fell,541,26,100000,0.9541446208112875
440880,The Count Lucanor,728,37,100000,0.9516339869281045
442080,Riders of Icarus,5306,2741,2000000,0.6593761650304462
444090,Paladins®,169580,32407,20000000,0.8395589815186126
444200,World of Tanks Blitz MMO,14069,5988,5000000,0.7014508650346513
444640,Bloons TD Battles,6486,1227,2000000,0.8409179307662388
446840,Splasher,567,37,50000,0.9387417218543046
447020,Farming Simulator 17,11211,1025,1000000,0.9162307943772474
447530,VA-11 Hall-A: Cyberpunk Bartender Action,12348,294,500000,0.9767441860465116
448370,IS Defense,1003,63,50000,0.9409005628517824
448510,Overcooked,6653,650,1000000,0.9109954813090511
448850,Overload,914,39,50000,0.9590766002098636
449960,Book of Demons,5312,389,500000,0.9317663567795124
450220,Overload Playable Teaser 3.0,600,34,200000,0.9463722397476341
450390,The Lab,2926,145,1000000,0.9527841094106154
450540,"Hot Dogs, Horseshoes & Hand Grenades",3054,99,500000,0.9686013320647003
451760,Highway Blossoms,1207,67,500000,0.9474097331240189
452440,Flowers -Le volume sur printemps-,545,13,20000,0.9767025089605734
452510,UNDER NIGHT IN-BIRTH Exe:Late,652,45,50000,0.9354375896700143
452570,Battle Chef Brigade Deluxe,1025,34,50000,0.9678942398489141
453090,Parkitect,1827,173,200000,0.9135
453340,Hustle Cat,697,44,50000,0.9406207827260459
453480,Shadowverse CCG,5583,2008,2000000,0.7354762218416546
455400,PAC-MAN 256,811,81,200000,0.9091928251121076
456750,The Room Three,1216,38,100000,0.9696969696969697
457140,Oxygen Not Included,16797,1205,1000000,0.9330629930007777
457210,SEUM: Speedrunners from Hell,1017,51,100000,0.952247191011236
457330,High Octane Drift,2012,1932,2000000,0.5101419878296146
457960,Holopoint,607,60,100000,0.9100449775112444
458710,Kingdom Rush Frontiers,2504,109,200000,0.9582854955989284
460060,Varenje,602,65,100000,0.9025487256371814
460120,Megadimension Neptunia VII,2357,103,200000,0.958130081300813
460790,Bayonetta,8866,843,1000000,0.9131733443197033
460930,Tom Clancy's Ghost Recon® Wildlands,26547,9944,2000000,0.7274944506864707
460950,Katana ZERO,1848,44,100000,0.9767441860465116
461560,MANDAGON,4600,249,500000,0.9486492060218602
461620,Predynastic Egypt,1048,98,50000,0.9144851657940664
461840,Zenge,2325,100,200000,0.9587628865979382
462770,Pyre,4306,452,500000,0.9050021017234132
462780,Darksiders Warmastered Edition,5250,933,2000000,0.849102377486657
463270,Ghost 1.0,1364,100,100000,0.9316939890710383
463390,One Thousand Lies,752,74,200000,0.910411622276029
463530,Empires of the Undergrowth,1117,107,100000,0.9125816993464052
464060,RUINER,5278,543,500000,0.9067170589245834
464360,3030 Deathwar Redux - A Space Odyssey,722,32,50000,0.9575596816976127
465520,PRICE,4198,233,500000,0.9474159331979237
465650,Out of the Park Baseball 18,599,48,200000,0.9258114374034003
466110,Shaolin vs Wutang,573,38,20000,0.9378068739770867
466240,Deceit,18666,6032,5000000,0.7557696979512512
466300,Planescape: Torment: Enhanced Edition,1134,60,500000,0.949748743718593
466910,Worm.is: The Game,3550,879,2000000,0.8015353352901332
467380,Khimera: Destroy All Monster Girls,945,46,200000,0.9535822401614531
467820,Zero G Arena,686,63,50000,0.9158878504672897
469820,Genital Jousting,4826,468,500000,0.9115980355119002
469990,NEKOPALIVE,1118,89,500000,0.9262634631317316
471710,Rec Room,3431,225,500000,0.938457330415755
473460,Memory Oblivion Box,546,46,20000,0.9222972972972973
473770,BallisticNG,1142,117,200000,0.9070691024622717
474210,BUTCHER,555,53,50000,0.912828947368421
474960,Quantum Break,10249,1929,2000000,0.8415996058466086
475150,Titan Quest Anniversary Edition,10566,1025,5000000,0.9115693210249332
475550,Beholder,9947,1095,1000000,0.9008331823944937
476460,Picross Touch,576,54,100000,0.9142857142857143
477160,Human: Fall Flat,28371,2678,5000000,0.9137492350800348
477740,Zero Escape: The Nonary Games,640,37,50000,0.9453471196454948
481510,Night in the Woods,6770,402,500000,0.9439486893474623
483420,Adam Wolfe,589,41,50000,0.9349206349206349
483980,Mad Father,1168,49,100000,0.9597370583401807
487430,KARAKARA,1306,126,200000,0.9120111731843575
488310,Eleven: Table Tennis VR,1108,61,100000,0.9478186484174508
489830,The Elder Scrolls V: Skyrim Special Edition,47749,14719,5000000,0.7643753601844144
491040,Bot Vice,831,41,100000,0.9529816513761468
491130,Red Trigger,1636,173,500000,0.904367053620785
491950,Orwell: Keeping an Eye On You,7045,651,5000000,0.9154106029106029
493200,RiME,2435,264,500000,0.9021859948128936
493340,Planet Coaster,22004,2828,2000000,0.8861146907216495
493900,Dungeons 3,8974,528,500000,0.9444327509997895
494150,The Thrill of the Fight - VR Boxing,842,52,50000,0.941834451901566
494230,Heart's Medicine - Time to Heal,580,47,50000,0.9250398724082934
495280,Disgaea 2 PC / 魔界戦記ディスガイア2 PC,628,69,100000,0.9010043041606887
495890,Montaro,10099,485,500000,0.9541761148904006
497640,Trick & Treat,1559,61,500000,0.9623456790123457
499440,klocki,3559,95,200000,0.9740010946907499
501300,What Remains of Edith Finch,10573,506,500000,0.9543280079429551
502800,SENRAN KAGURA ESTIVAL VERSUS,2837,127,100000,0.9571524966261808
504210,SHENZHEN I/O,1682,62,200000,0.9644495412844036
504230,Celeste,7239,206,500000,0.9723304231027535
504370,Battlerite,41080,8013,5000000,0.8367791742203573
504770,Slavistan,666,61,500000,0.9160935350756534
506610,Five Nights at Freddy's: Sister Location,4763,491,500000,0.9065473924628854
508440,Totally Accurate Battle Simulator,3109,295,1000000,0.913337250293772
508900,Zup! X,884,34,50000,0.9629629629629629
510050,You Have 10 Seconds,1026,109,500000,0.9039647577092511
511470,Glass Masquerade,2406,59,1000000,0.9760649087221095
511680,Fate/EXTELLA,2833,204,200000,0.9328284491274283
512250,Oh...Sir!! The Insult Simulator,2515,240,500000,0.9128856624319419
512790,Quern - Undying Thoughts,1045,92,50000,0.9190853122251539
512900,Streets of Rogue,5484,269,500000,0.9532417868937946
513710,SCUM,15934,8556,2000000,0.6506329113924051
513780,Turbo Pug DX,1160,348,2000000,0.7692307692307693
516750,My Summer Car,12847,1309,500000,0.9075303758123764
517910,Sisyphus Reborn,706,45,50000,0.9400798934753661
518580,Accounting (Legacy),2055,116,500000,0.946568401658222
519860,DUSK,3599,89,200000,0.9758676789587852
520010,Climbey,626,46,50000,0.9315476190476191
520440,GUILTY GEAR Xrd -REVELATOR-,2163,151,100000,0.9347450302506483
521200,Epic Battle Fantasy 3,824,38,200000,0.9559164733178654
523000,Princess Maker 2 Refine,530,49,50000,0.9153713298791019
523780,Emily is Away Too,3036,225,200000,0.9310027598896045
525510,"Guns, Gore and Cannoli 2",1121,75,200000,0.9372909698996655
528230,SYNTHETIK: Legion Rising,948,76,100000,0.92578125
529780,Disturbed,1240,94,200000,0.9295352323838081
530390,Slayaway Camp,573,25,50000,0.9581939799331104
530620,Resident Evil 7 / Biohazard 7 Teaser: Beginning Hour,3424,483,2000000,0.8763757358587151
530700,Argo,4438,4973,5000000,0.4715758155350122
531510,Just Shapes & Beats,1980,63,100000,0.9691629955947136
532110,Rusty Lake: Roots,1996,110,200000,0.9477682811016145
533300,Zup!,5810,366,200000,0.9407383419689119
534550,Guacamelee! 2,607,34,50000,0.9469578783151326
536930,MOBIUS FINAL FANTASY™,2456,1082,2000000,0.6941775014132278
537110,Angels of Death,1935,116,100000,0.9434422233057045
537180,Digimon Masters Online,2836,1350,2000000,0.6774964166268514
538680,The Legend of Heroes: Trails of Cold Steel,2030,92,200000,0.9566446748350612
541570,Sally Face,1832,63,200000,0.9667546174142481
546390,Brief Karate Foolish,2027,128,200000,0.9406032482598607
548430,Deep Rock Galactic,10254,838,1000000,0.92445005409304
550650,Black Squad,33695,11081,10000000,0.7525236733964624
550900,Metin2,4526,2741,2000000,0.6228154671804046
552280,游魂2-you're the only one- / Tayutama 2-you're the only one-,1380,29,50000,0.9794180269694819
552500,Warhammer: Vermintide 2,21509,7336,5000000,0.7456751603397469
552590,The Sexy Brutale,1945,128,200000,0.9382537385431742
552990,World of Warships,9386,3667,5000000,0.7190684133915575
553310,Lethal League Blaze,1748,65,100000,0.9641478212906784
553640,ICEY,16978,1627,1000000,0.9125503896801935
554620,Life is Strange: Before the Storm,21705,1520,1000000,0.9345532831001077
555570,Infestation: The New Z,13726,14201,10000000,0.49149568517921727
555880,Sairento VR,948,105,50000,0.9002849002849003
555950,Danganronpa Another Episode: Ultra Despair Girls,901,76,50000,0.9222108495394064
557600,Gorogoa,4739,129,200000,0.9735004108463434
558100,Art of War: Red Tides,4858,1169,2000000,0.8060394889663183
558990,Opus Magnum,1979,42,200000,0.9792182088075211
559210,Rakuen,2192,63,100000,0.9720620842572062
559610,Love Ribbon,1048,50,50000,0.9544626593806922
559650,Witch It,2636,283,200000,0.9030489893799246
560380,MapleStory 2,5143,1750,2000000,0.7461192514144784
562220,Zup! 2,4550,224,200000,0.9530791788856305
562410,Panty Party,653,52,50000,0.926241134751773
562860,Ion Maiden,963,28,50000,0.9717457114026236
563560,Alien Swarm: Reactive Drop,7629,527,5000000,0.9353849926434527
564050,Bud Spencer & Terence Hill - Slaps And Beans,702,44,50000,0.9410187667560321
564710,Soda Dungeon,3624,240,1000000,0.937888198757764
566160,Zup! 6,1052,74,100000,0.9342806394316163
567290,Slash It,814,84,100000,0.9064587973273942
567380,Heartbound,565,20,20000,0.9658119658119658
568770,Cinderella Phenomenon - Otome/Visual Novel,2128,68,200000,0.9690346083788707
569860,Thimbleweed Park™,1949,126,200000,0.9392771084337349
570840,家有大貓 Nekojishi,2512,165,500000,0.9383638401195368
571310,SteamWorld Dig 2,1443,55,100000,0.9632843791722296
571530,Superdimension Neptune VS Sega Hard Girls | 超次元大戦ネプテューヌVSセガハードガールズ夢の合体スペシャル  | 超次元大戰戰機少女VS SEGA主機娘夢幻合體特別版,633,37,50000,0.9447761194029851
571880,Angels with Scaly Wings,878,25,20000,0.9723145071982281
574980,Them's Fightin' Herds,998,97,50000,0.9114155251141552
575550,Hell Girls,2769,299,200000,0.902542372881356
576770,Low Magic Age,1053,102,50000,0.9116883116883117
577800,NBA 2K18,4832,12067,2000000,0.2859340789395822
578080,PLAYERUNKNOWN'S BATTLEGROUNDS,496184,487076,100000000,0.5046315318430526
578310,BRAIN / OUT,8343,2112,2000000,0.7979913916786227
578620,GORN,3357,124,200000,0.9643780522838264
578850,64.0,813,83,50000,0.9073660714285714
582010,MONSTER HUNTER: WORLD,72029,35294,10000000,0.6711422528255826
582160,Assassin's Creed® Origins,31644,6007,2000000,0.8404557647871238
582500,We Were Here,8538,701,2000000,0.9241259876610023
582660,Black Desert Online,10337,5759,2000000,0.6422092445328031
583470,The End Is Nigh,1413,102,200000,0.9326732673267327
583760,Slash It 2,798,60,200000,0.9300699300699301
583950,Artifact,9937,10501,2000000,0.4862021724239162
586140,BlazBlue Centralfiction,2136,232,200000,0.902027027027027
587430,I Expect You To Die,632,46,100000,0.9321533923303835
587620,OKAMI HD / 大神 絶景版,2854,236,200000,0.9236245954692557
588040,WILL: A Wonderful World / WILL：美好世界,3344,178,200000,0.9494605337876206
588430,Fallout Shelter,21481,3569,5000000,0.8575249500998005
588650,Dead Cells,26033,1434,2000000,0.9477918957294208
588690,"Peace, Death!",1000,62,50000,0.9416195856873822
588950,Kingsway,713,78,100000,0.9013906447534766
589590,Kindergarten,2076,138,200000,0.9376693766937669
589780,The Red Strings Club,2688,221,500000,0.9240288759023719
590380,Into the Breach,5245,426,500000,0.9248809733733028
591460,Parkasaurus,576,17,50000,0.9713322091062394
591630,Candleman: The Complete Journey,558,29,20000,0.9505962521294719
593200,The Adventures of Fei Duanmu 端木斐异闻录,1242,88,50000,0.9338345864661655
593280,Cat Quest,2398,103,200000,0.9588164734106357
594570,Total War: WARHAMMER II,19420,2994,2000000,0.8664227714821094
594650,Hunt Showdown,20679,7074,2000000,0.7451086369041184
595140,Immortal Redneck,1259,124,200000,0.9103398409255242
597170,Clone Drone in the Danger Zone,1882,108,200000,0.9457286432160804
597220,West of Loathing,3039,74,500000,0.9762287182781882
598700,The Vagrant,2776,307,200000,0.9004216672072657
599390,Battle for Wesnoth,1119,84,500000,0.9301745635910225
600370,Paradigm,685,27,100000,0.9620786516853933
600480,Megaquarium,559,55,100000,0.9104234527687296
601150,Devil May Cry 5,17657,1487,2000000,0.9223255328040117
601430,The Evil Within 2,8871,790,200000,0.9182279267156609
601510,Yu-Gi-Oh! Duel Links,7969,2563,2000000,0.7566464109380935
602520,NEKOPARA Vol. 3,7678,202,500000,0.9743654822335025
603260,The Cat Games,536,59,50000,0.9008403361344538
603960,Monolith,522,7,50000,0.9867674858223062
604450,Another Adventure,3835,362,100000,0.9137479151775078
609320,FAR: Lone Sails,3359,266,200000,0.9266206896551724
609490,Minit,823,91,100000,0.9004376367614879
610360,Zup! Zero,1270,102,100000,0.9256559766763849
611980,Oik 2,811,72,50000,0.9184597961494904
615610,Orbt XL,2100,45,200000,0.9790209790209791
616110,SPACEPLAN,1183,121,100000,0.9072085889570553
616250,Crystalline,771,23,50000,0.9710327455919395
617670,Zup! S,537,33,50000,0.9421052631578948
620980,Beat Saber,11083,797,500000,0.9329124579124579
622220,Fate/EXTELLA LINK,987,94,50000,0.9130434782608695
623080,planetarian HD,927,10,20000,0.9893276414087513
623940,HIVESWAP: Act 1,2909,171,500000,0.9444805194805195
624090,Football Manager 2018,4399,2466,2000000,0.6407865986890022
630100,SoulWorker - Anime Action MMO,5953,1904,2000000,0.7576683212422044
632360,Risk of Rain 2,17902,975,2000000,0.9483498437251682
636450,Rez Infinite,585,54,50000,0.9154929577464789
636480,Ravenfield,9119,569,500000,0.9412675474814203
637850,Confess My Love,3357,209,500000,0.9413909141895681
639170,Minecraft: Story Mode - Season Two,1117,121,100000,0.9022617124394184
639780,Deep Space Waifu: FLAT JUSTICE,1449,67,100000,0.9558047493403694
639790,DEEP SPACE WAIFU,7222,252,500000,0.9662831147979662
643270,OLDTV,4293,219,500000,0.9514627659574468
644560,Mirror,21474,702,1000000,0.9683441558441559
644570,Material Girl,6922,648,500000,0.9143989431968296
645090,Zup! 5,1512,126,100000,0.9230769230769231
646570,Slay the Spire,26166,998,2000000,0.9632601973199824
647960,Rusted Warfare - RTS,519,25,200000,0.9540441176470589
648390,Marie's Room,3763,206,500000,0.9480977576215671
650700,Yume Nikki,1779,166,500000,0.9146529562982005
653530,Return of the Obra Dinn,3960,130,200000,0.9682151589242054
656090,Salty Fish Go!,738,72,50000,0.9111111111111111
658560,Zup! 7,844,46,100000,0.9483146067415731
658850,Do Not Feed the Monkeys,1333,107,100000,0.9256944444444445
664180,Draw Puzzle 画之谜,571,12,50000,0.9794168096054888
666020,Shark Dating Simulator XL,632,62,50000,0.9106628242074928
666140,My Time At Portia,10695,1108,1000000,0.9061255612979751
667600,Sky Force Reloaded,516,36,50000,0.9347826086956522
667970,VTOL VR,675,39,50000,0.9453781512605042
668630,Tricolour Lovestory,11387,1121,1000000,0.910377358490566
670160,D'LIRIUM,536,33,20000,0.9420035149384886
673130,AMID EVIL,582,10,50000,0.9831081081081081
673880,"Warhammer 40,000: Mechanicus",1813,199,100000,0.9010934393638171
673950,Farm Together,4022,407,200000,0.9081056671934974
674520,Fight'N Rage,743,49,50000,0.9381313131313131
674940,Stick Fight: The Game,24847,2795,5000000,0.8988857535634179
676820,Subsurface Circular,1073,58,100000,0.9487179487179487
681280,Descenders,666,62,20000,0.9148351648351648
683320,GRIS,5747,242,500000,0.9595925864084154
686200,Door Kickers: Action Squad,820,67,50000,0.9244644870349493
687260,Tokyo Dark,537,54,50000,0.9086294416243654
698780,Doki Doki Literature Club!,108556,3588,5000000,0.9680054216007989
700330,SCP: Secret Laboratory,19534,3621,5000000,0.8436190887497301
702810,Shooty Skies,919,86,500000,0.9144278606965174
705120,Death Coming,1966,187,200000,0.913144449605202
711990,Elise the Devil,1123,96,200000,0.9212469237079574
712730,SIMULACRA,917,66,50000,0.9328585961342828
712840,King Exit,2135,127,200000,0.9438549955791335
716490,EXAPUNKS,525,18,50000,0.9668508287292817
716710,東方憑依華　～ Antinomy of Common Flowers.,1286,135,50000,0.9049964813511612
722060,Dominions 5 - Warriors of the Faith,520,36,50000,0.935251798561151
722730,Cogmind,609,16,20000,0.9744
725340,Lines X Free,679,73,100000,0.9029255319148937
725480,Slap City,1577,88,100000,0.9471471471471471
726990,Succubus Rem,509,54,100000,0.9040852575488455
730310,DYNASTY WARRIORS 9 真・三國無双８,1487,4620,2000000,0.24349107581463894
731490,Crash Bandicoot™ N. Sane Trilogy,3555,237,200000,0.9375
732430,Superflight,5243,193,500000,0.9644959529065489
733990,I Can't Believe It's Not Gambling,1024,68,100000,0.9377289377289377
734910,Eternal Hour: Golden Hour,564,54,200000,0.912621359223301
735570,Project Rhombus,809,64,100000,0.9266895761741123
736190,中国式家长 / Chinese Parents,10858,1227,2000000,0.8984691766652876
736260,Baba Is You,1300,26,100000,0.9803921568627451
738060,Freddy Fazbear's Pizzeria Simulator,7846,580,2000000,0.9311654403038215
738520,Breathedge,2867,229,100000,0.9260335917312662
740260,Crimson Imprint plus -Nonexistent Christmas-,1364,112,50000,0.924119241192412
742120,DRAGON QUEST® XI: Echoes of an Elusive Age™ - Digital Edition of Light,3663,281,200000,0.9287525354969574
742300,Mega Man 11 / ロックマン11 運命の歯車!!,1516,114,100000,0.9300613496932515
744190,Rusty Lake Paradise,1004,63,100000,0.9409559512652296
744810,A Raven Monologue,1405,69,200000,0.9531886024423338
744900,Dead Frontier 2,4814,2179,2000000,0.6884026884026884
745880,東方天空璋 ～ Hidden Star in Four Seasons.,4114,53,100000,0.9872810175185985
748490,The Legend of Heroes: Trails of Cold Steel II,872,36,50000,0.960352422907489
755790,Ring of Elysium,39746,13191,5000000,0.7508170088973686
757240,Aimtastic,634,29,200000,0.9562594268476622
758330,Shenmue I & II,732,65,50000,0.918444165621079
758530,Sprout,843,36,100000,0.9590443686006825
761330,Navalny 20!8 : The Rise of Evil,522,44,20000,0.9222614840989399
764790,The Messenger,1846,90,100000,0.9535123966942148
766280,A Light in the Dark,799,45,20000,0.9466824644549763
781440,"OH MY GOD, LOOK AT THIS KNIGHT",898,42,200000,0.9553191489361702
787450,KOEWOTAYORINI / 声之寄托,572,63,200000,0.9007874015748032
788770,Meteor 60 Seconds!,2271,88,500000,0.9626960576515473
790740,Tick Tock: A Tale for Two,808,57,50000,0.9341040462427745
793350,Swarmlake,746,36,100000,0.9539641943734015
795100,Friday the 13th: Killer Puzzle,2917,188,500000,0.9394524959742351
799070,Zup! 8,932,36,100000,0.9628099173553719
801630,UNDER NIGHT IN-BIRTH Exe:Late[st],524,33,50000,0.940754039497307
809140,Cliff Empire,686,67,50000,0.9110225763612217
809960,Radical Heights,5844,4206,2000000,0.5814925373134329
812140,Assassin's Creed® Odyssey,20771,4528,2000000,0.8210205936993558
813630,Supraland,1041,41,100000,0.9621072088724584
813820,Realm Royale,17220,9825,5000000,0.6367165834719911
814380,Sekiro™: Shadows Die Twice,21504,3019,5000000,0.8768910818415365
814540,Changed,1472,123,100000,0.922884012539185
816340,Kingdom Rush Origins,1116,76,100000,0.9362416107382551
823130,Totally Accurate Battlegrounds,20961,4890,2000000,0.8108390391087386
824270,KovaaK's FPS Aim Trainer,575,35,50000,0.9426229508196722
825630,STEINS;GATE 0,1301,53,50000,0.9608567208271788
828070,Treasure Hunter Claire,682,66,50000,0.9117647058823529
833040,Hiveswap Friendsim,659,44,50000,0.9374110953058321
834530,Yakuza Kiwami,1449,116,100000,0.9258785942492013
834910,ATLAS,8621,16359,2000000,0.34511609287429945
838310,Bloodstained: Curse of the Moon,1711,86,100000,0.9521424596549806
838350,太吾绘卷 The Scroll Of Taiwu,17938,2273,5000000,0.8875364900301815
843380,Super Animal Royale,1177,38,50000,0.968724279835391
844930,Fox Hime Zero,1416,44,100000,0.9698630136986301
845070,The Awesome Adventures of Captain Spirit,8077,667,1000000,0.9237191216834401
845880,Touhou: Scarlet Curiosity | 東方紅輝心,517,40,50000,0.9281867145421903
846470,Moss,531,46,50000,0.9202772963604853
848350,Katamari Damacy REROLL,559,58,50000,0.9059967585089141
850000,Noel The Mortal Fate S1-7,631,22,20000,0.9663093415007658
851100,Touhou Luna Nights,3199,75,200000,0.9770922419059255
853550,Equilinox,1078,53,100000,0.9531388152077808
859680,Deep Space Waifu: FANTASY,815,28,50000,0.966785290628707
860950,Mark of the Ninja: Remastered,802,47,100000,0.944640753828033
863550,HITMAN™ 2,10814,1756,10000000,0.86030230708035
866440,What Never Was,1824,78,200000,0.9589905362776026
871720,Ultimate Custom Night,7723,429,1000000,0.9473748773307163
873240,Hentai Memory,611,62,50000,0.9078751857355126
878750,Hentai Girl,4662,450,500000,0.9119718309859155
880950,爱上火车-Pure Station- / Maitetsu:Pure Station,855,25,50000,0.9715909090909091
882790,天命奇御 Fate Seeker,2799,228,200000,0.9246778989098117
883710,RESIDENT EVIL 2 / BIOHAZARD RE:2,24950,1075,2000000,0.9586935638808838
884660,Cuisine Royale,9657,2964,2000000,0.765153315902068
888090,TREE,1119,69,100000,0.9419191919191919
888790,Sabbat of the Witch,521,2,20000,0.9961759082217974
893030,Music Racer,1133,95,50000,0.9226384364820847
897330,Coloring Pixels,1154,45,500000,0.9624687239366139
899970,NEKOPARA Extra,1527,29,100000,0.9813624678663239
904740,东方试闻广纪 ~ Perfect Memento of Touhou Question,567,24,100000,0.9593908629441624
906390,Return.,571,52,100000,0.9165329052969502
909080,Cube Escape: Paradox,1578,53,500000,0.967504598405886
915460,ULTIMATE HARDBASS DEFENCE,680,65,50000,0.912751677852349
922460,Cheeky Chooks,637,43,200000,0.9367647058823529
927890,Hentai Girl Linda,1476,90,100000,0.9425287356321839
931500,Touhou Genso Wanderer -Reloaded- / 不可思议的幻想乡TOD -RELOADED- / 不思議の幻想郷TOD -RELOADED-,703,31,50000,0.9577656675749319
934840,FrostRunner,1269,66,200000,0.950561797752809
939400,LoveChoice 拣爱,1257,71,50000,0.9465361445783133
942970,Unheard,5222,288,500000,0.9477313974591651
963690,Hentai Girl Betty,1705,134,100000,0.9271343121261555
977950,A Dance of Fire and Ice,1451,119,200000,0.924203821656051
980300,One Finger Death Punch 2,736,25,50000,0.9671484888304862
995460,Miracle snack shop 기적의 분식집,1079,29,50000,0.973826714801444
998930,Seek Girl,613,52,50000,0.9218045112781955
1002560,Tiny Snow,653,29,20000,0.9574780058651027
1004240,Hentai Girl Karen,522,19,50000,0.9648798521256932
1008710,Wet Girl,1720,76,100000,0.9576837416481069
1010870,最后的47小时 - The Last 47 Hours,552,28,20000,0.9517241379310345
1021950,When the Darkness comes,2966,301,200000,0.9078665442301805
1031480,東方幕華祭 春雪篇 ～ Fantastic Danmaku Festival Part II,619,19,20000,0.9702194357366771
1043180,Lovers of Aether,651,29,100000,0.9573529411764706
1046030,ISLANDERS,1490,77,200000,0.9508615188257817
